rainfall_30min,rainfall_1h,rainfall_3h,rainfall_6h,rainfall_intensity,cumulative_rainfall,runoff,drainage_capacity,drainage_utilization,blockage_percentage,elevation,slope,impervious_surface,historical_flood_frequency,flooded
61.92,61.92,88.25,122.59,75.86,122.59,3.827,0.4469,300.0,78.05,307.2,1.72,59.3,1,1
65.82,65.82,92.43,101.52,76.91,101.52,3.4816,0.5751,300.0,66.21,301.6,3.87,93.1,1,1
15.57,15.57,43.57,45.33,18.66,45.33,1.0952,3.4411,31.83,59.58,215.2,4.02,60.5,2,0
18.15,18.15,58.34,75.83,34.81,75.83,1.8548,6.5281,28.41,24.99,311.0,4.18,48.7,0,0
15.99,15.99,16.43,47.91,29.29,47.91,1.1235,3.2875,34.17,62.46,263.7,1.83,37.4,1,1
61.2,61.2,99.28,121.43,72.38,121.43,2.7121,4.2364,64.02,2.47,192.9,4.38,85.5,2,0
22.51,22.51,40.13,66.6,33.65,66.6,1.22,4.5088,27.06,53.15,312.8,2.09,31.5,0,0
12.9,12.9,42.96,49.06,26.83,49.06,0.8601,4.1069,20.94,30.48,276.1,3.94,35.7,0,1
72.69,72.69,114.67,125.3,92.07,125.3,3.4963,4.0799,85.7,57.35,204.4,1.42,88.7,0,1
46.34,46.34,56.94,91.21,61.51,91.21,2.7735,5.8327,47.55,34.57,266.8,6.67,35.5,1,0
39.52,39.52,59.31,65.09,41.59,65.09,2.3707,6.4454,36.78,13.65,266.2,3.8,68.4,0,0
62.62,62.62,67.58,87.05,72.43,87.05,2.8205,6.1403,45.93,45.74,203.4,3.65,63.8,0,0
66.1,66.1,119.87,125.48,77.18,125.48,2.412,1.0142,237.81,53.78,281.9,7.41,80.0,0,1
2.99,2.99,36.28,51.12,19.59,51.12,1.1384,7.3814,15.42,25.37,208.2,5.39,46.6,0,0
3.59,3.59,29.7,69.39,21.43,69.39,1.1943,2.6537,45.0,71.26,253.8,3.5,80.2,1,0
59.74,59.74,75.49,112.96,64.56,112.96,1.6871,0.7876,214.2,66.49,185.9,6.19,86.8,1,1
62.19,62.19,120.5,140.53,65.07,140.53,1.6445,0.9414,174.69,18.37,285.5,1.66,62.9,2,1
64.33,64.33,107.25,136.81,66.95,136.81,2.4038,0.6091,300.0,74.21,210.2,5.14,73.1,2,1
73.98,73.98,75.48,97.68,86.66,97.68,3.1862,1.9218,165.79,11.23,343.2,6.16,90.6,2,0
1.43,1.43,7.98,41.15,17.36,41.15,0.7682,2.0478,37.51,42.46,323.5,6.23,56.8,2,0
69.4,69.4,96.63,106.55,74.13,106.55,1.7948,3.1922,56.23,65.33,163.3,6.15,39.5,0,0
73.68,73.68,83.61,95.0,76.75,95.0,1.7051,2.232,76.39,1.69,184.9,1.01,68.4,2,1
25.44,25.44,55.71,90.71,42.46,90.71,1.2513,1.2636,99.03,14.52,199.9,5.93,57.1,0,1
4.16,4.16,59.65,63.61,21.03,63.61,1.0952,2.3645,46.32,78.37,305.9,6.6,80.6,0,0
41.14,41.14,92.59,111.1,48.84,111.1,1.2498,6.3223,19.77,21.32,245.6,4.46,45.1,1,0
30.36,30.36,71.5,83.38,49.33,83.38,1.6347,6.8171,23.98,38.47,257.1,8.56,72.4,1,0
50.63,50.63,67.92,97.32,54.68,97.32,1.3826,2.6916,51.37,68.86,272.9,1.4,77.2,1,0
76.71,76.71,124.76,148.51,92.36,148.51,2.7834,2.3701,117.44,75.68,268.0,1.4,70.1,0,1
45.79,45.79,73.75,94.66,61.07,94.66,2.6862,5.9365,45.25,39.37,336.2,1.64,37.6,2,1
61.95,61.95,102.22,115.57,79.91,115.57,2.7624,7.3561,37.55,21.64,212.9,2.0,39.6,0,1
30.67,30.67,74.45,96.57,49.39,96.57,1.7313,5.9082,29.3,38.35,347.3,7.32,91.8,1,0
9.75,9.75,45.05,72.49,10.0,72.49,0.3181,2.0372,15.62,66.03,241.7,4.7,49.6,0,1
8.85,8.85,68.67,103.84,14.53,103.84,0.871,9.337,9.33,8.51,283.1,6.68,35.9,2,0
11.44,11.44,58.05,65.98,29.65,65.98,0.5995,7.9812,7.51,2.89,160.3,6.26,82.1,2,1
4.58,4.58,52.64,89.75,20.02,89.75,0.4326,2.8608,15.12,67.04,190.4,1.69,62.8,1,1
12.42,12.42,56.49,64.22,17.83,64.22,0.7929,1.9013,41.7,78.42,160.9,6.35,32.8,2,1
13.85,13.85,19.35,26.69,33.45,26.69,1.5205,2.2529,67.49,62.73,264.5,1.88,91.5,1,1
51.94,51.94,108.37,114.31,62.11,114.31,1.5383,3.3791,45.52,37.93,176.8,3.14,49.8,0,0
50.77,50.77,75.48,91.83,55.12,91.83,1.182,5.5764,21.2,25.36,233.7,5.0,44.7,0,1
51.84,51.84,90.98,103.63,67.58,103.63,3.044,4.6106,66.02,34.51,222.1,5.37,77.9,1,0
40.29,40.29,71.51,103.5,46.58,103.5,1.1475,6.1746,18.58,39.53,164.4,8.5,33.6,0,0
25.11,25.11,69.67,70.26,41.65,70.26,1.089,7.3183,14.88,29.78,270.2,1.64,53.7,0,1
61.77,61.77,80.43,107.93,75.88,107.93,1.5501,2.5662,60.4,51.27,191.8,5.49,40.6,2,0
44.48,44.48,94.82,134.43,47.31,134.43,1.0977,4.0681,26.98,31.41,301.1,4.62,60.5,0,0
72.57,72.57,75.25,84.56,78.41,84.56,3.1153,3.3932,91.81,46.92,166.8,2.81,84.8,2,1
61.03,61.03,64.52,79.18,71.82,79.18,2.8228,1.5322,184.23,67.56,303.7,8.59,62.8,1,1
68.02,68.02,88.46,108.41,78.65,108.41,4.459,1.4677,300.0,31.88,276.2,2.19,52.0,0,0
35.86,35.86,54.31,78.25,36.0,78.25,1.6328,1.7758,91.95,56.24,346.4,6.39,61.0,0,1
57.66,57.66,115.45,146.73,74.99,146.73,2.82,0.9338,300.0,58.59,260.6,6.71,93.0,0,1
60.0,60.0,80.79,85.74,60.82,85.74,3.6139,5.8092,62.21,39.18,243.0,9.79,56.8,2,0
44.44,44.44,92.56,129.55,60.89,129.55,1.3364,0.9873,135.36,29.82,171.9,6.92,76.4,1,0
64.07,64.07,67.01,76.39,76.51,76.39,3.1051,10.4018,29.85,0.36,285.5,0.78,56.1,2,1
19.01,19.01,70.18,84.1,36.08,84.1,1.2944,2.2632,57.2,47.23,205.0,8.92,42.2,2,0
64.59,64.59,124.52,136.37,72.75,136.37,4.3582,1.353,300.0,45.99,290.2,6.15,55.5,0,1
10.75,10.75,32.67,35.36,14.79,35.36,0.6711,0.7613,88.16,36.26,218.7,4.49,92.3,2,0
71.76,71.76,85.87,98.88,89.94,98.88,3.9241,2.7719,141.57,59.39,280.7,3.34,45.7,2,1
69.95,69.95,86.94,109.4,85.78,109.4,3.3499,6.2475,53.62,35.07,348.9,6.91,83.0,2,1
44.97,44.97,51.09,77.2,64.08,77.2,1.3735,4.3401,31.65,34.64,342.0,1.48,32.7,2,0
36.41,36.41,67.37,79.88,37.43,79.88,0.8392,1.5424,54.41,30.76,289.6,2.47,49.6,1,0
8.97,8.97,60.73,60.78,19.13,60.78,0.7126,4.6832,15.22,26.65,306.1,8.49,46.9,1,0
38.39,38.39,79.38,88.51,45.0,88.51,1.7295,10.7977,16.02,3.89,292.3,1.93,33.1,0,0
15.07,15.07,16.94,21.37,27.47,21.37,1.1979,1.9923,60.12,45.54,319.9,0.55,85.5,0,0
61.83,61.83,113.16,123.34,80.21,123.34,4.7634,3.1031,153.51,48.27,222.3,8.23,50.7,1,1
33.12,33.12,52.18,55.3,33.72,55.3,0.8976,4.738,18.94,1.52,295.0,7.23,78.0,2,1
47.51,47.51,55.07,60.82,61.37,60.82,3.6619,1.7245,212.35,40.58,150.8,0.66,94.6,1,0
70.43,70.43,102.6,127.47,75.89,127.47,2.4127,0.8157,295.77,47.57,282.7,8.44,31.2,1,1
69.91,69.91,85.13,109.56,80.98,109.56,3.9706,2.4534,161.84,54.21,263.4,7.71,93.9,0,1
63.68,63.68,94.9,111.21,65.56,111.21,3.1014,7.3777,42.04,31.6,179.9,9.63,41.6,1,0
73.01,73.01,85.74,104.53,87.68,104.53,3.5667,7.4288,48.01,30.32,298.3,7.45,80.9,2,1
69.25,69.25,117.13,121.13,73.33,121.13,4.3391,9.0097,48.16,1.85,225.4,7.33,87.7,1,0
48.7,48.7,83.56,99.92,60.73,99.92,1.6927,7.0658,23.96,37.41,225.4,4.24,38.5,0,0
76.39,76.39,91.01,94.96,91.46,94.96,2.5686,8.3127,30.9,22.25,187.2,5.46,60.4,0,0
38.52,38.52,96.08,122.18,48.43,122.18,1.5396,1.7698,87.0,20.19,303.0,8.83,88.6,0,1
5.75,5.75,14.01,26.19,16.8,26.19,0.7506,0.6683,112.32,67.66,258.5,2.07,46.5,2,0
46.74,46.74,90.85,102.69,54.16,102.69,2.7566,2.1377,128.95,60.8,191.4,9.44,37.8,0,1
67.72,67.72,78.49,95.03,76.72,95.03,4.1467,1.5967,259.7,56.82,324.9,3.72,64.5,2,1
12.9,12.9,69.3,104.82,28.45,104.82,1.1717,4.0669,28.81,39.25,257.3,4.63,38.6,1,0
76.26,76.26,86.07,108.25,80.41,108.25,1.9908,3.694,53.89,2.4,333.4,3.55,69.5,0,1
42.55,42.55,53.79,93.33,58.92,93.33,1.5386,5.7235,26.88,37.5,334.1,3.74,33.3,2,0
60.07,60.07,107.69,116.16,78.54,116.16,1.5781,2.8437,55.49,51.12,348.7,3.17,34.0,1,1
12.19,12.19,50.12,65.84,30.62,65.84,1.1773,1.8902,62.28,58.09,282.0,6.2,60.7,1,0
54.25,54.25,105.01,106.62,63.24,106.62,3.7737,4.3302,87.15,59.97,256.3,6.77,49.7,2,1
59.08,59.08,83.27,105.74,73.48,105.74,2.7019,1.8101,149.27,72.57,279.4,3.75,56.5,1,1
53.4,53.4,92.73,119.25,53.79,119.25,2.7503,3.8653,71.15,15.82,322.1,2.84,73.4,1,0
11.09,11.09,28.1,55.09,29.3,55.09,1.408,1.828,77.02,43.37,340.6,6.3,46.6,0,1
31.97,31.97,73.1,74.03,39.98,74.03,1.5094,5.4387,27.75,48.82,337.2,8.61,50.9,1,0
50.58,50.58,70.62,80.39,68.83,80.39,4.0698,3.6317,112.06,67.47,299.0,7.76,79.6,0,0
51.59,51.59,68.94,79.26,63.3,79.26,3.3325,4.5451,73.32,17.51,322.1,2.09,30.5,1,1
67.13,67.13,75.43,106.41,69.45,106.41,1.924,1.064,180.82,79.89,180.8,4.52,70.3,2,1
11.04,11.04,58.48,69.31,28.74,69.31,1.5317,7.5555,20.27,8.95,185.3,4.52,65.9,2,1
52.21,52.21,111.74,151.71,62.54,151.71,3.6943,0.8552,300.0,58.23,213.7,4.88,57.6,0,1
63.0,63.0,112.92,145.77,71.33,145.77,3.7131,1.8191,204.12,59.91,248.3,8.98,39.4,0,1
12.28,12.28,44.31,47.01,13.34,47.01,0.68,0.6547,103.88,34.91,157.0,6.7,83.5,1,1
65.85,65.85,98.19,130.95,67.71,130.95,2.0513,2.1878,93.76,59.02,300.5,5.29,78.8,0,1
17.54,17.54,30.04,60.1,19.91,60.1,0.5379,1.6714,32.19,14.1,314.6,4.29,94.4,2,0
31.43,31.43,83.94,122.96,48.89,122.96,2.2608,2.565,88.14,17.66,207.8,7.48,66.8,0,1
56.84,56.84,58.44,60.42,68.87,60.42,2.5309,5.0268,50.35,20.81,301.6,8.35,66.5,0,0
25.18,25.18,59.03,86.09,26.5,86.09,1.4783,0.8399,176.0,16.98,279.3,2.13,87.9,1,1
74.84,74.84,78.41,87.02,86.56,87.02,2.4724,1.4378,171.97,54.36,169.8,2.47,57.5,1,0
25.63,25.63,47.28,49.49,32.78,49.49,0.9249,2.0019,46.2,48.84,327.7,9.33,36.5,0,0
49.57,49.57,56.88,90.98,64.65,90.98,3.8705,5.8019,66.71,42.08,158.8,4.31,51.1,1,0
13.63,13.63,72.35,92.29,23.5,92.29,0.8437,8.1223,10.39,30.46,267.0,1.72,50.9,2,0
69.29,69.29,104.65,119.0,77.46,119.0,4.421,2.8359,155.89,50.65,336.6,4.22,51.4,0,1
52.7,52.7,85.96,98.79,59.61,98.79,1.5883,4.7735,33.27,7.57,294.6,4.2,43.9,1,1
20.59,20.59,70.2,107.3,32.54,107.3,1.8816,8.0069,23.5,4.21,228.5,9.28,67.6,2,0
45.01,45.01,46.61,76.34,62.06,76.34,1.2547,4.0533,30.96,37.26,307.3,3.64,87.1,0,0
21.63,21.63,31.26,62.26,31.56,62.26,1.8476,1.5712,117.59,77.23,321.1,2.28,68.6,2,1
38.54,38.54,72.4,111.69,50.69,111.69,1.8604,3.9951,46.57,29.6,173.7,8.05,84.5,2,1
69.95,69.95,71.38,92.2,79.22,92.2,3.7022,7.4684,49.57,13.07,225.3,6.38,32.6,1,1
11.17,11.17,22.48,36.24,13.11,36.24,0.6862,7.7203,8.89,32.4,344.9,1.27,72.4,1,1
34.32,34.32,60.19,61.62,45.01,61.62,0.973,2.7799,35.0,76.7,291.2,3.37,88.7,1,1
9.4,9.4,12.99,46.38,12.52,46.38,0.5344,1.8408,29.03,73.26,229.4,4.73,34.1,0,0
15.15,15.15,32.31,70.89,17.03,70.89,0.9063,4.5716,19.82,56.63,345.2,8.5,91.3,1,0
43.48,43.48,97.41,136.29,57.58,136.29,2.0413,4.0075,50.94,36.51,222.3,4.22,35.8,0,1
35.69,35.69,91.53,116.02,36.39,116.02,2.148,2.2828,94.1,16.47,193.7,5.4,90.9,2,1
12.29,12.29,16.09,23.89,23.66,23.89,1.0656,6.2935,16.93,42.98,190.4,8.11,70.2,2,1
27.83,27.83,33.27,42.3,36.59,42.3,1.8598,7.9516,23.39,30.26,258.1,2.24,50.8,0,0
18.29,18.29,61.61,68.36,37.03,68.36,1.4775,2.8036,52.7,8.58,253.9,5.33,58.4,1,0
38.24,38.24,63.54,66.21,50.09,66.21,1.1038,1.7184,64.23,51.01,346.3,4.96,88.3,0,1
51.85,51.85,98.76,115.89,64.61,115.89,2.1908,5.1587,42.47,50.49,282.5,6.88,92.4,1,0
64.97,64.97,95.32,124.78,74.16,124.78,1.8724,1.3611,137.56,59.62,189.7,6.45,78.6,0,1
76.48,76.48,85.75,93.66,82.31,93.66,4.1502,2.0043,207.07,70.63,291.6,2.16,53.2,2,1
21.87,21.87,40.37,45.47,32.88,45.47,1.2903,8.2655,15.61,5.59,306.4,7.61,83.0,0,0
28.86,28.86,39.45,58.15,36.71,58.15,1.1949,1.4549,82.13,60.14,204.6,1.74,58.5,1,1
18.88,18.88,64.67,101.87,28.84,101.87,1.729,2.4724,69.93,69.37,272.7,8.95,89.1,1,1
1.26,1.26,29.9,49.67,9.41,49.67,0.5032,4.0474,12.43,44.17,171.7,2.64,81.5,2,1
69.83,69.83,123.23,135.8,77.87,135.8,4.4814,2.0335,220.37,48.5,218.9,5.79,49.3,0,1
75.94,75.94,100.12,133.48,89.57,133.48,4.7006,2.6744,175.76,14.04,202.9,9.18,39.1,0,0
18.82,18.82,35.39,73.97,24.11,73.97,0.7263,3.747,19.38,34.6,305.2,7.83,54.6,2,0
45.69,45.69,105.34,106.88,49.85,106.88,1.1746,2.3616,49.74,64.8,229.0,7.6,54.2,2,1
32.8,32.8,61.57,96.04,45.65,96.04,1.665,1.8359,90.69,78.64,230.7,9.27,46.0,2,1
37.46,37.46,49.49,56.91,46.74,56.91,2.6314,1.5193,173.19,63.68,310.5,3.03,47.8,2,1
75.5,75.5,99.63,108.61,92.44,108.61,2.4475,5.2397,46.71,2.81,277.9,7.94,43.7,1,0
18.21,18.21,21.25,55.94,24.33,55.94,0.6114,3.061,19.97,60.8,306.2,9.42,77.3,2,1
42.2,42.2,86.88,119.7,57.18,119.7,1.6888,3.7736,44.75,9.43,250.6,5.3,67.9,2,1
19.74,19.74,63.93,91.05,30.2,91.05,1.7644,1.1183,157.78,63.62,294.4,9.22,94.0,1,0
37.91,37.91,97.11,100.86,46.16,100.86,2.3779,8.2151,28.95,22.72,226.6,9.81,87.4,2,0
48.51,48.51,88.02,121.2,49.0,121.2,2.0844,1.4729,141.51,56.95,249.1,1.02,52.6,0,1
31.71,31.71,88.42,90.46,46.71,90.46,2.3281,1.1759,197.99,69.33,327.1,2.55,64.5,1,1
2.17,2.17,59.69,88.09,14.89,88.09,0.5812,5.2781,11.01,42.53,239.9,6.58,43.1,2,1
27.97,27.97,62.68,68.32,47.41,68.32,1.5782,2.8694,55.0,73.75,183.8,2.51,35.9,0,1
5.92,5.92,13.88,46.97,17.53,46.97,0.9691,4.7143,20.56,50.47,277.7,5.46,76.3,0,0
37.41,37.41,47.6,79.46,42.63,79.46,2.2883,2.1589,105.99,19.71,216.0,7.02,85.7,2,1
17.33,17.33,58.66,95.06,23.23,95.06,0.9796,5.5745,17.57,23.19,274.4,6.3,70.5,0,0
53.98,53.98,94.94,97.9,62.92,97.9,1.818,5.1179,35.52,6.94,238.2,7.56,45.4,2,1
37.8,37.8,67.76,92.54,56.36,92.54,2.4845,3.699,67.17,42.29,297.5,1.18,63.5,2,1
39.48,39.48,67.58,106.07,48.49,106.07,1.1545,2.4709,46.72,17.35,150.1,4.6,80.0,1,0
12.34,12.34,68.81,75.5,24.88,75.5,0.9077,2.2335,40.64,51.32,301.9,2.69,88.9,2,1
67.98,67.98,127.91,136.87,73.72,136.87,3.1918,2.9651,107.64,21.03,348.7,9.91,64.2,1,1
16.31,16.31,48.02,81.33,22.37,81.33,1.329,1.2347,107.63,78.85,331.2,8.09,47.5,1,0
44.86,44.86,75.19,100.66,53.03,100.66,1.762,6.7751,26.01,26.68,175.4,2.29,85.3,2,1
44.32,44.32,45.59,58.24,47.86,58.24,1.0815,6.4072,16.88,22.0,161.0,6.03,31.4,1,0
48.53,48.53,75.21,92.92,49.96,92.92,1.0212,2.8071,36.38,71.44,185.7,9.09,65.7,2,0
57.99,57.99,93.95,132.08,67.87,132.08,2.3337,2.6602,87.73,38.18,194.9,0.94,52.9,0,1
35.13,35.13,73.77,98.19,50.67,98.19,1.2217,4.2701,28.61,56.94,245.0,6.23,46.0,0,0
33.11,33.11,43.71,76.69,51.63,76.69,1.0694,0.8241,129.77,74.37,335.0,9.54,30.8,0,0
72.47,72.47,130.71,152.73,74.04,152.73,3.3012,5.2663,62.69,49.11,233.5,5.93,40.0,1,1
67.92,67.92,96.27,116.66,74.16,116.66,2.5779,4.8231,53.45,58.65,185.0,2.59,60.2,2,0
17.22,17.22,68.79,83.92,34.25,83.92,1.9548,1.8479,105.78,49.49,201.6,7.08,94.2,1,1
27.18,27.18,31.45,50.47,42.25,50.47,2.2745,3.0277,75.12,26.8,254.0,8.51,59.0,0,0
9.27,9.27,62.38,81.95,12.1,81.95,0.265,1.2057,21.98,55.0,207.3,1.83,58.7,2,0
2.56,2.56,39.43,54.38,15.59,54.38,0.4666,2.1711,21.49,1.1,241.3,4.24,82.7,1,0
47.48,47.48,48.79,69.4,54.38,69.4,2.7903,5.1821,53.85,8.02,338.5,0.71,69.1,0,1
50.59,50.59,106.34,145.58,51.44,145.58,1.3306,3.315,40.14,43.76,217.3,9.88,31.1,2,1
25.91,25.91,54.7,93.82,35.41,93.82,2.0473,2.3392,87.52,4.14,203.2,5.29,35.9,1,0
77.69,77.69,93.22,113.4,94.88,113.4,5.1444,4.6047,111.72,22.36,228.0,5.54,93.5,1,1
2.49,2.49,26.0,34.0,16.09,34.0,0.4913,1.3779,35.65,53.99,221.0,3.81,76.6,1,1
45.76,45.76,58.59,94.59,52.61,94.59,1.313,0.8634,152.07,39.57,197.7,7.6,38.5,1,0
48.52,48.52,91.14,119.69,68.38,119.69,2.7876,4.1372,67.38,13.03,256.6,2.19,69.9,1,1
3.16,3.16,9.66,19.27,8.64,19.27,0.2396,1.0568,22.67,22.35,225.7,4.16,52.0,0,0
2.02,2.02,14.14,44.41,21.83,44.41,0.9011,6.6904,13.47,40.34,212.9,7.85,79.7,2,0
61.35,61.35,109.73,122.07,79.93,122.07,4.061,0.4169,300.0,79.54,168.7,6.73,32.2,2,1
48.19,48.19,99.6,103.52,53.71,103.52,2.0372,5.3672,37.96,3.4,203.0,4.23,57.6,0,1
34.08,34.08,53.75,73.85,42.43,73.85,1.1063,2.2904,48.3,40.21,220.4,5.88,56.9,2,1
77.58,77.58,124.67,163.37,94.34,163.37,2.5284,1.4836,170.42,42.12,313.6,6.05,47.1,0,1
57.68,57.68,61.21,85.13,74.0,85.13,2.2454,1.0286,218.29,40.98,282.6,1.63,90.9,2,1
25.86,25.86,61.12,89.84,34.71,89.84,2.0825,2.4926,83.55,8.33,241.1,8.79,61.4,2,1
74.37,74.37,131.22,143.81,81.47,143.81,2.2488,3.987,56.4,33.29,329.7,2.91,75.8,2,1
52.3,52.3,72.64,98.86,54.18,98.86,2.9826,4.593,64.94,59.88,177.3,3.54,53.9,2,1
29.51,29.51,44.78,60.22,33.45,60.22,1.1883,1.9344,61.43,50.16,219.1,5.57,80.2,1,1
77.3,77.3,108.62,145.01,93.17,145.01,4.4659,1.0809,300.0,34.33,347.3,4.85,36.0,1,0
40.61,40.61,84.02,118.79,53.19,118.79,2.8564,3.0664,93.15,60.37,323.8,0.85,66.2,1,0
51.87,51.87,77.09,84.61,58.65,84.61,1.3926,7.3124,19.04,16.35,327.6,7.76,43.0,0,1
48.84,48.84,67.3,79.26,49.63,79.26,1.0023,8.702,11.52,3.45,295.9,9.51,79.2,0,0
34.89,34.89,54.37,75.24,43.51,75.24,2.6021,2.1338,121.95,71.85,165.7,4.15,41.7,2,1
61.13,61.13,90.9,127.67,61.78,127.67,1.4339,1.1764,121.89,32.26,202.5,9.87,43.6,1,1
39.84,39.84,74.67,89.74,56.38,89.74,2.6829,1.6592,161.7,34.27,323.6,4.01,66.9,1,1
58.23,58.23,75.51,104.46,59.56,104.46,1.403,3.4776,40.34,66.84,154.8,1.03,85.5,0,0
34.1,34.1,81.83,101.39,44.11,101.39,2.348,10.4532,22.46,12.01,160.3,5.04,87.6,0,0
33.49,33.49,55.48,76.34,42.73,76.34,1.2834,3.4727,36.96,24.44,223.0,1.92,86.7,1,1
55.51,55.51,106.37,115.87,58.52,115.87,2.9547,1.0534,280.49,3.78,347.4,0.93,78.6,0,0
28.74,28.74,29.39,53.2,48.56,53.2,1.2119,3.2526,37.26,15.16,261.1,6.17,81.5,0,1
64.46,64.46,79.3,101.53,70.41,101.53,3.3287,1.1775,282.7,74.56,344.9,4.46,64.9,2,1
42.21,42.21,46.25,83.51,44.69,83.51,1.067,1.2322,86.6,61.23,330.1,7.39,34.5,1,1
60.59,60.59,110.28,139.01,72.31,139.01,4.2142,2.0106,209.6,55.78,267.5,6.81,58.4,2,1
16.19,16.19,48.56,67.81,27.62,67.81,1.1966,1.0418,114.86,32.34,267.0,6.74,76.8,2,0
49.98,49.98,82.23,106.48,52.0,106.48,2.8561,2.3151,123.37,42.19,285.8,1.36,68.5,0,1
47.48,47.48,82.96,96.5,56.4,96.5,2.3006,4.4263,51.98,57.87,223.6,0.98,39.3,0,1
75.53,75.53,105.84,115.23,77.65,115.23,2.7435,1.6403,167.26,65.26,304.5,8.13,37.2,2,1
4.08,4.08,59.47,94.82,14.52,94.82,0.7663,5.8764,13.04,16.94,249.7,0.82,74.4,1,1
22.18,22.18,25.38,62.99,40.92,62.99,1.5755,3.3333,47.26,51.39,234.0,1.63,36.3,2,0
18.14,18.14,51.05,59.66,21.4,59.66,0.964,5.0773,18.99,29.45,332.4,1.93,89.4,0,1
50.5,50.5,87.71,113.28,64.31,113.28,2.7927,0.2759,300.0,76.65,306.3,4.08,30.8,2,1
27.18,27.18,42.17,63.27,34.68,63.27,1.1371,10.0549,11.31,13.83,208.8,5.66,62.5,1,1
22.82,22.82,64.38,65.39,28.07,65.39,1.2547,5.9496,21.09,2.48,285.7,7.59,63.6,2,0
8.0,8.0,47.3,87.12,8.31,87.12,0.4411,2.8476,15.49,60.08,259.0,6.39,75.3,1,0
74.09,74.09,75.66,109.1,75.63,109.1,2.8596,3.1311,91.33,0.31,216.9,2.08,59.3,0,0
52.21,52.21,59.67,71.49,70.47,71.49,4.0662,1.3329,300.0,32.55,340.1,4.41,73.4,1,0
2.53,2.53,11.18,35.74,7.18,35.74,0.3981,5.987,6.65,28.1,313.9,5.18,80.2,0,0
15.8,15.8,67.45,100.37,33.84,100.37,0.9859,2.4748,39.84,76.77,336.4,5.93,57.5,0,0
23.08,23.08,37.56,40.86,33.02,40.86,1.3483,5.3383,25.26,50.41,235.7,4.91,43.6,0,0
60.8,60.8,95.29,129.81,66.62,129.81,3.4609,4.4553,77.68,58.35,282.9,8.54,94.6,2,0
59.57,59.57,86.74,123.82,67.45,123.82,1.9583,6.6082,29.63,8.48,318.1,4.27,55.6,1,1
71.61,71.61,75.82,98.81,80.96,98.81,2.9101,4.9815,58.42,35.78,244.4,6.03,62.6,0,0
59.65,59.65,80.13,112.16,76.72,112.16,2.4101,1.4352,167.93,46.61,297.8,2.77,73.6,0,0
30.5,30.5,83.05,122.53,48.0,122.53,1.0218,0.9724,105.08,65.57,228.7,8.77,74.8,0,1
64.98,64.98,107.56,126.29,82.83,126.29,3.7865,3.0483,124.22,13.63,344.4,2.85,46.2,2,1
40.25,40.25,99.71,100.19,51.38,100.19,1.7579,2.3491,74.83,64.6,232.1,2.1,78.2,0,0
31.48,31.48,85.05,85.16,37.45,85.16,1.1566,5.2064,22.21,26.73,242.0,2.22,64.4,0,0
67.55,67.55,78.05,108.64,74.76,108.64,2.0535,8.0245,25.59,16.5,249.4,0.81,44.6,2,1
6.46,6.46,59.39,91.29,23.86,91.29,0.9782,3.9999,24.46,53.93,280.6,9.23,36.5,1,1
35.62,35.62,76.14,109.79,55.44,109.79,3.0768,1.0017,300.0,63.96,159.8,7.66,53.1,0,1
20.78,20.78,28.89,33.57,22.85,33.57,0.6549,5.7622,11.37,28.11,288.4,7.03,65.0,1,1
6.01,6.01,50.4,89.94,22.94,89.94,0.7831,3.6777,21.29,50.14,285.9,7.82,94.9,2,0
47.67,47.67,54.81,64.6,54.24,64.6,1.4445,7.7118,18.73,14.7,159.0,8.8,75.1,1,0
22.6,22.6,58.41,75.79,41.07,75.79,0.9102,1.9025,47.84,54.33,341.2,9.82,78.0,0,0
65.0,65.0,109.18,118.06,74.03,118.06,3.5054,2.064,169.84,66.11,278.6,6.67,47.6,1,1
34.64,34.64,60.93,70.75,38.83,70.75,0.8763,6.077,14.42,18.6,303.5,4.08,54.7,1,1
25.67,25.67,71.15,108.73,38.88,108.73,1.4899,2.3096,64.51,59.82,232.9,5.49,50.7,1,0
32.84,32.84,66.25,103.48,33.56,103.48,0.6984,4.9666,14.06,36.62,199.9,1.63,44.1,0,0
42.32,42.32,42.38,48.86,44.19,48.86,1.8533,5.1914,35.7,26.33,194.4,0.73,91.2,1,0
78.5,78.5,115.56,139.97,98.24,139.97,2.7664,0.4348,300.0,77.96,274.6,4.49,55.0,0,1
79.77,79.77,102.51,128.46,99.12,128.46,4.2338,0.4275,300.0,73.83,290.9,1.92,64.7,0,1
19.53,19.53,70.79,72.17,33.71,72.17,0.8913,11.9215,7.48,0.6,284.8,1.07,68.3,2,0
29.21,29.21,71.05,94.82,33.37,94.82,1.5574,2.1186,73.51,70.55,244.4,3.56,35.6,2,0
17.8,17.8,66.69,73.44,23.47,73.44,1.2189,4.1474,29.39,25.95,341.5,8.82,40.0,0,0
73.07,73.07,104.14,117.6,76.21,117.6,4.3106,0.9058,300.0,19.84,309.5,9.71,36.5,2,1
25.64,25.64,42.64,65.6,29.3,65.6,0.7363,2.953,24.93,52.06,336.1,5.3,83.3,1,1
57.29,57.29,109.8,134.34,62.85,134.34,1.4239,1.0787,132.0,48.5,198.3,1.08,65.7,2,0
65.75,65.75,84.32,106.28,77.01,106.28,2.1874,2.9515,74.11,52.41,345.8,1.43,83.9,0,0
59.65,59.65,64.72,95.7,71.45,95.7,3.5751,2.0772,172.11,6.36,208.6,8.95,79.5,1,1
75.85,75.85,81.35,94.39,80.55,94.39,3.1388,2.163,145.12,59.39,264.1,3.48,39.2,2,0
48.19,48.19,70.87,102.47,49.48,102.47,2.94,3.0946,95.0,18.41,291.2,6.37,30.3,0,0
73.94,73.94,119.83,137.72,88.93,137.72,4.0643,7.4038,54.89,36.88,333.7,2.86,87.6,0,0
62.63,62.63,99.5,119.32,74.97,119.32,2.3089,2.2081,104.56,17.25,269.6,4.7,45.9,0,1
32.78,32.78,43.69,72.96,41.75,72.96,2.1971,0.2697,300.0,77.12,294.7,8.76,88.9,2,1
48.7,48.7,64.74,73.62,50.98,73.62,2.5715,3.0969,83.04,62.47,213.3,2.45,59.5,2,0
73.28,73.28,124.3,162.88,82.59,162.88,2.9413,1.4204,207.07,6.68,201.5,2.11,92.0,1,0
60.87,60.87,99.32,126.36,67.5,126.36,3.8816,6.8993,56.26,14.94,210.4,2.92,76.2,1,0
12.76,12.76,53.16,63.98,18.22,63.98,0.6057,2.0437,29.64,26.59,240.8,2.31,42.5,1,0
55.11,55.11,111.75,128.82,73.13,128.82,3.5729,2.01,177.76,3.44,302.2,8.51,33.7,0,1
13.84,13.84,73.6,76.15,30.38,76.15,1.4726,3.3097,44.49,58.81,321.7,2.25,30.1,2,0
9.9,9.9,21.07,34.34,11.31,34.34,0.3673,0.4344,84.55,73.28,346.4,9.66,39.3,0,1
7.7,7.7,19.01,22.07,19.78,22.07,0.9579,5.4807,17.48,53.76,346.9,6.94,32.6,2,0
0.35,0.35,30.78,68.26,5.5,68.26,0.1226,5.516,2.22,13.9,166.1,7.41,86.2,0,0
2.15,2.15,35.35,63.35,15.11,63.35,0.359,2.9293,12.25,44.4,180.9,9.35,79.5,0,1
51.95,51.95,107.65,124.31,52.02,124.31,1.2389,1.5404,80.43,8.76,220.3,7.16,81.4,2,0
28.38,28.38,29.16,40.39,35.0,40.39,1.7637,1.4079,125.27,64.95,289.1,1.82,82.5,1,1
51.85,51.85,80.86,98.43,54.09,98.43,1.4372,6.1656,23.31,7.99,176.5,9.56,48.5,0,1
45.04,45.04,100.19,112.18,47.33,112.18,2.465,5.1507,47.86,27.64,325.9,4.99,93.1,1,0
39.12,39.12,41.36,73.52,41.15,73.52,0.8937,2.408,37.11,45.23,165.9,7.11,34.7,0,0
15.1,15.1,60.91,98.97,17.91,98.97,0.8177,6.0578,13.5,47.58,292.0,7.19,83.3,1,0
25.91,25.91,32.22,58.81,26.58,58.81,0.7343,3.728,19.7,7.54,277.7,6.47,57.4,0,0
57.64,57.64,92.38,112.04,67.38,112.04,2.6869,4.5931,58.5,60.5,245.8,0.75,91.3,0,0
79.95,79.95,123.07,124.97,81.19,124.97,1.8562,0.6663,278.6,47.97,336.7,9.4,65.5,2,1
59.0,59.0,65.1,68.53,65.22,68.53,3.1507,0.7423,300.0,34.72,310.3,6.24,85.0,1,0
40.52,40.52,53.9,91.67,46.02,91.67,1.5953,1.0381,153.67,19.41,220.3,5.48,87.4,2,1
65.74,65.74,75.2,79.34,75.8,79.34,3.3038,3.0507,108.3,63.64,304.8,4.23,32.1,0,0
26.32,26.32,56.04,70.3,37.53,70.3,1.7517,2.8771,60.89,54.24,213.6,3.79,68.0,2,1
55.52,55.52,94.37,99.77,64.34,99.77,3.4879,10.5055,33.2,2.9,182.6,5.32,57.6,1,1
36.39,36.39,93.65,105.12,53.72,105.12,1.5099,6.181,24.43,44.55,287.0,5.72,91.4,1,0
55.89,55.89,114.34,115.47,70.7,115.47,1.7256,10.5264,16.39,5.98,288.4,6.66,34.5,1,0
72.58,72.58,125.26,157.76,82.89,157.76,1.9921,2.2433,88.81,40.48,281.8,1.77,63.2,1,1
49.6,49.6,96.81,99.1,66.61,99.1,3.088,7.602,40.62,27.38,230.5,1.96,64.4,0,1
73.94,73.94,123.24,145.74,85.1,145.74,1.9604,9.4844,20.67,19.83,262.4,3.62,51.0,1,0
15.03,15.03,17.45,32.03,32.61,32.03,1.6389,2.1482,76.29,54.33,215.6,8.31,75.0,0,0
2.81,2.81,62.26,93.55,21.56,93.55,1.114,10.7467,10.37,1.64,240.2,8.0,30.4,1,0
49.58,49.58,67.65,80.07,68.91,80.07,2.9008,3.7455,77.45,35.77,231.9,5.75,58.1,0,1
74.57,74.57,108.43,126.11,88.67,126.11,4.2563,5.6179,75.76,45.04,299.9,6.93,78.5,2,0
48.8,48.8,56.55,89.2,63.14,89.2,3.4203,6.4115,53.35,31.36,232.8,5.92,30.0,0,1
45.37,45.37,75.16,107.56,59.0,107.56,2.849,0.9447,300.0,76.73,347.6,9.73,89.7,2,1
43.47,43.47,89.39,110.22,60.83,110.22,2.4478,1.5339,159.59,30.48,236.5,1.53,40.0,2,1
3.9,3.9,4.89,23.83,7.19,23.83,0.2093,3.1851,6.57,63.63,268.4,1.97,49.7,1,1
18.02,18.02,37.82,56.66,27.62,56.66,1.4937,10.8778,13.73,9.16,322.7,5.76,52.4,2,0
63.93,63.93,93.83,130.86,76.38,130.86,3.0673,2.8704,106.86,56.89,330.9,2.25,93.3,0,1
66.98,66.98,85.38,115.86,69.79,115.86,2.2954,2.8166,81.5,35.66,227.4,8.29,46.7,2,1
61.26,61.26,108.78,124.85,75.71,124.85,2.6966,3.9776,67.79,64.06,246.8,7.9,49.0,1,1
6.94,6.94,9.61,49.51,24.33,49.51,0.9133,2.5597,35.68,76.1,207.4,1.74,62.6,2,0
0.32,0.32,8.91,18.77,4.3,18.77,0.1423,1.6553,8.6,52.48,273.0,8.96,69.2,1,0
25.65,25.65,83.5,108.38,31.2,108.38,1.4581,1.9763,73.78,66.84,262.1,8.91,73.7,2,0
8.51,8.51,66.42,90.37,16.82,90.37,0.8898,7.1094,12.52,4.94,193.3,8.14,64.7,1,1
14.12,14.12,17.23,47.46,21.12,47.46,1.1481,4.2385,27.09,19.77,209.5,2.5,50.1,0,0
6.63,6.63,16.15,32.83,24.22,32.83,1.3646,1.3528,100.87,17.01,328.0,6.95,45.6,0,0
30.4,30.4,64.95,79.35,42.62,79.35,2.2002,3.0805,71.42,27.67,325.7,3.56,67.1,1,0
59.03,59.03,69.29,86.32,68.77,86.32,2.3327,2.8,83.31,7.56,340.5,6.34,54.8,2,0
43.4,43.4,88.52,105.46,49.39,105.46,1.8374,1.4911,123.23,1.98,326.7,2.82,67.3,0,1
12.25,12.25,32.12,58.93,21.03,58.93,1.0585,2.7766,38.12,69.41,348.4,7.67,85.4,2,1
74.77,74.77,103.29,128.82,85.07,128.82,4.4909,6.7858,66.18,34.51,309.9,9.64,46.2,2,0
74.9,74.9,129.32,152.26,86.49,152.26,2.6119,0.6249,300.0,78.0,294.9,8.06,58.7,1,0
40.86,40.86,46.27,74.95,45.86,74.95,1.2847,8.0052,16.05,24.77,167.0,5.36,59.3,0,0
27.51,27.51,43.2,54.33,46.06,54.33,1.5236,0.5898,258.32,79.05,167.7,2.86,33.8,1,1
52.96,52.96,90.8,128.4,72.19,128.4,3.732,2.9345,127.17,65.43,248.3,7.19,35.1,2,0
6.8,6.8,56.96,94.28,11.32,94.28,0.6613,1.7455,37.89,74.23,175.6,3.82,75.4,0,0
12.28,12.28,46.02,72.15,25.26,72.15,0.7815,6.3852,12.24,33.22,153.1,2.46,50.3,0,0
12.6,12.6,52.56,77.75,31.31,77.75,0.7985,5.3378,14.96,45.42,262.8,1.09,58.0,0,0
54.87,54.87,105.32,136.06,67.42,136.06,3.2981,6.7497,48.86,2.49,259.0,3.07,51.3,1,0
38.07,38.07,75.33,91.88,47.48,91.88,2.2515,2.7178,82.84,35.19,158.0,8.05,48.4,1,0
48.65,48.65,106.2,126.53,63.3,126.53,1.9832,7.1042,27.92,18.9,234.8,3.14,53.8,2,1
17.59,17.59,65.85,83.35,31.72,83.35,0.6701,1.1831,56.64,37.6,285.2,3.77,91.7,1,0
49.61,49.61,77.63,92.46,53.68,92.46,3.2189,2.0132,159.89,9.59,232.5,0.52,91.9,0,1
57.4,57.4,112.27,140.79,66.67,140.79,3.9653,11.3502,34.94,3.15,319.9,9.32,46.6,1,0
41.85,41.85,97.33,122.13,48.07,122.13,1.3313,4.824,27.6,10.68,178.7,8.2,75.8,0,0
53.48,53.48,102.25,137.5,64.42,137.5,2.5112,5.9206,42.41,40.9,323.1,4.17,55.7,0,0
52.84,52.84,78.67,87.38,70.17,87.38,1.9855,1.2575,157.9,73.84,262.0,5.6,83.9,0,0
42.51,42.51,77.68,98.09,43.23,98.09,1.4573,5.1043,28.55,21.08,279.8,5.23,36.1,1,0
48.66,48.66,59.33,94.6,52.86,94.6,1.6816,0.5995,280.49,70.06,235.1,9.61,91.4,0,1
47.47,47.47,106.81,144.69,49.59,144.69,1.2491,4.0037,31.2,25.24,289.0,3.1,52.4,1,0
11.47,11.47,68.7,74.5,21.91,74.5,0.6154,2.9733,20.7,6.11,161.0,1.82,62.1,0,0
35.28,35.28,70.16,79.53,42.72,79.53,1.6521,1.4749,112.01,17.61,348.1,9.96,93.7,1,1
19.02,19.02,19.86,23.67,28.08,23.67,1.366,4.0529,33.7,14.43,221.4,8.59,45.7,1,0
39.62,39.62,48.77,55.24,51.87,55.24,2.9664,3.3636,88.19,13.79,158.6,5.87,65.6,1,1
57.7,57.7,71.0,78.74,64.0,78.74,3.704,3.9643,93.43,63.72,280.4,6.8,61.2,0,1
28.4,28.4,66.83,88.67,30.89,88.67,1.6639,3.9865,41.74,25.07,225.8,8.3,58.8,1,1
38.44,38.44,54.03,63.69,43.75,63.69,2.5366,2.1444,118.29,57.4,283.8,5.7,59.2,2,0
23.44,23.44,80.65,96.45,39.44,96.45,1.0438,5.0854,20.53,56.29,267.2,1.63,81.3,1,0
14.48,14.48,38.05,63.94,22.87,63.94,0.8295,2.855,29.05,2.33,279.8,5.95,40.2,0,0
21.94,21.94,65.69,78.08,32.74,78.08,1.4628,6.3428,23.06,43.14,164.6,2.19,36.6,2,0
17.54,17.54,36.93,60.58,29.98,60.58,0.9533,2.3597,40.4,72.42,281.8,5.82,49.9,2,0
56.96,56.96,100.63,137.25,67.33,137.25,3.4226,1.5329,223.28,66.22,250.1,7.79,47.4,2,1
38.68,38.68,95.75,127.68,56.42,127.68,1.4728,1.0622,138.66,79.72,253.8,5.05,81.9,1,1
50.15,50.15,75.79,96.2,60.33,96.2,3.2723,0.7314,300.0,40.24,291.9,8.06,55.4,0,1
37.95,37.95,53.27,54.52,51.76,54.52,1.5528,3.8619,40.21,33.25,257.6,4.66,60.8,1,0
72.62,72.62,76.88,94.92,76.76,94.92,4.1759,5.2458,79.61,22.42,229.3,6.57,46.2,2,1
36.76,36.76,94.48,122.76,56.68,122.76,2.393,1.5656,152.85,63.12,272.4,9.87,72.5,0,0
10.19,10.19,52.16,71.53,28.57,71.53,0.7244,9.0525,8.0,8.33,163.9,5.19,35.3,1,1
22.38,22.38,53.53,58.23,40.08,58.23,1.1302,2.6855,42.09,8.19,311.2,1.51,69.9,2,0
15.2,15.2,18.9,36.85,19.25,36.85,0.7312,6.2117,11.77,28.54,172.7,5.89,42.1,0,1
54.76,54.76,65.67,66.23,61.45,66.23,3.3743,2.2125,152.51,17.47,270.6,2.18,66.2,2,0
2.62,2.62,46.56,77.48,3.96,77.48,0.2169,2.0019,10.84,30.74,257.4,6.73,80.9,2,0
57.44,57.44,73.24,107.42,57.86,107.42,1.9446,1.1348,171.36,64.02,180.0,2.27,64.5,2,1
2.44,2.44,30.35,68.6,8.02,68.6,0.2512,3.3481,7.5,71.01,313.4,7.02,63.3,0,1
60.55,60.55,120.45,139.59,76.69,139.59,1.6629,8.712,19.09,16.93,230.9,8.64,48.8,1,0
28.43,28.43,65.36,70.55,46.36,70.55,1.3285,0.74,179.52,72.78,348.9,6.25,35.5,0,0
64.77,64.77,88.94,106.74,76.55,106.74,2.9757,3.0855,96.44,55.04,292.8,9.97,52.8,0,1
44.28,44.28,64.94,102.54,56.83,102.54,1.7244,2.4312,70.93,63.84,313.9,0.53,70.3,1,0
31.76,31.76,81.21,103.24,44.13,103.24,1.855,1.3823,134.2,16.12,161.8,7.54,84.6,2,1
75.18,75.18,79.23,98.2,91.98,98.2,1.9314,1.7476,110.52,1.46,252.3,8.21,38.3,0,0
58.42,58.42,115.4,146.04,75.96,146.04,2.0749,2.2439,92.47,66.59,163.7,6.73,33.4,0,0
76.18,76.18,95.01,114.46,91.01,114.46,4.2209,2.0795,202.98,43.35,345.8,7.57,37.7,1,1
34.56,34.56,51.6,56.35,44.8,56.35,1.2,1.4888,80.61,47.24,294.7,2.35,88.3,1,1
25.61,25.61,39.11,57.98,42.45,57.98,1.1109,8.383,13.25,24.26,294.0,6.03,43.1,0,0
28.75,28.75,55.09,62.31,43.88,62.31,2.2781,1.0291,221.37,62.26,299.3,0.68,47.8,2,1
73.54,73.54,96.07,131.08,76.81,131.08,3.8172,4.8714,78.36,4.18,180.1,2.94,80.4,2,1
40.85,40.85,59.15,66.36,53.12,66.36,1.8684,1.8486,101.08,47.38,187.3,1.81,45.4,1,1
72.16,72.16,122.04,136.92,83.67,136.92,2.4643,2.4403,100.98,66.3,209.3,3.37,32.7,0,0
8.77,8.77,36.25,51.51,18.56,51.51,0.9964,6.9868,14.26,1.62,344.7,6.71,72.9,0,0
11.92,11.92,46.96,48.76,28.41,48.76,0.9399,3.762,24.99,33.18,343.9,2.16,39.8,1,1
18.84,18.84,73.18,84.32,31.8,84.32,1.4684,0.8723,168.34,39.65,257.3,2.76,83.9,0,0
50.87,50.87,98.3,107.96,68.16,107.96,1.6689,1.5485,107.77,62.07,207.7,5.57,64.1,2,1
21.71,21.71,43.17,62.32,31.59,62.32,0.6556,3.9959,16.41,61.64,241.0,6.37,59.9,2,0
32.93,32.93,44.2,74.45,39.36,74.45,2.1686,4.3932,49.36,41.26,174.4,1.59,49.5,1,1
19.62,19.62,24.71,41.26,35.09,41.26,1.4848,4.2805,34.69,58.67,294.8,6.97,45.2,1,1
25.37,25.37,64.61,83.87,35.43,83.87,1.9356,0.9297,208.2,53.3,178.3,3.98,33.2,0,1
28.44,28.44,44.93,84.13,33.49,84.13,0.7641,6.9436,11.01,22.7,286.7,0.52,73.9,0,0
61.58,61.58,105.03,106.01,75.65,106.01,2.343,9.5834,24.45,19.41,312.7,2.02,72.9,2,1
46.07,46.07,64.28,99.33,49.33,99.33,1.3626,1.6073,84.78,67.89,314.3,1.25,61.8,2,0
63.25,63.25,114.24,153.49,76.69,153.49,4.3336,5.6322,76.94,40.46,278.8,8.89,45.3,2,1
16.91,16.91,75.59,92.97,20.54,92.97,0.9229,3.1691,29.12,31.79,334.6,9.87,72.4,1,0
68.57,68.57,81.64,85.9,88.04,85.9,4.1384,7.9536,52.03,24.29,243.4,3.57,48.6,1,1
40.97,40.97,53.9,91.44,53.75,91.44,2.414,9.9431,24.28,8.74,319.9,3.64,42.7,0,0
35.78,35.78,55.33,66.18,48.75,66.18,2.3198,1.1522,201.34,27.23,185.2,2.6,43.0,0,1
21.84,21.84,81.52,118.26,26.14,118.26,1.4055,2.7741,50.67,37.1,310.5,1.7,38.1,0,1
70.57,70.57,77.01,99.98,73.68,99.98,2.8139,2.2809,123.37,73.31,166.6,6.0,56.6,1,0
21.9,21.9,31.35,43.61,22.59,43.61,0.5805,1.9318,30.05,52.81,172.3,1.76,35.0,2,1
58.97,58.97,118.79,132.7,64.68,132.7,3.1787,1.8834,168.78,68.53,244.3,2.82,77.3,2,1
32.02,32.02,60.73,81.72,47.53,81.72,1.6015,7.5746,21.14,35.55,224.7,1.77,49.3,2,1
13.39,13.39,34.17,65.92,18.31,65.92,0.7813,2.1573,36.22,72.09,188.8,3.78,68.4,0,0
43.45,43.45,59.49,83.98,44.85,83.98,1.3621,1.6769,81.23,64.34,271.0,4.4,50.6,1,0
18.93,18.93,73.49,103.33,32.57,103.33,1.483,1.3827,107.25,10.5,191.9,2.64,80.6,1,1
35.45,35.45,72.48,107.24,37.67,107.24,1.302,1.8226,71.44,42.38,246.5,9.28,65.4,0,1
5.22,5.22,61.14,81.21,15.29,81.21,0.574,6.6197,8.67,40.59,204.5,6.76,67.0,2,0
31.79,31.79,32.05,49.91,31.91,49.91,0.7427,1.1963,62.08,34.45,205.1,6.73,50.1,0,0
46.82,46.82,104.84,139.56,53.2,139.56,2.5209,8.2335,30.62,10.95,248.2,0.66,47.8,2,0
15.0,15.0,43.76,77.46,30.16,77.46,0.6588,4.836,13.62,16.7,242.5,8.24,77.4,2,0
34.9,34.9,69.64,90.34,48.52,90.34,1.8011,1.6298,110.51,75.25,153.2,2.75,62.5,2,0
21.97,21.97,61.87,90.03,30.2,90.03,1.104,4.6475,23.75,14.31,307.4,9.14,68.6,1,0
59.21,59.21,79.14,112.21,60.69,112.21,1.5924,1.0083,157.93,9.84,325.8,4.54,47.9,2,1
11.03,11.03,50.39,55.85,26.54,55.85,1.386,1.3354,103.79,58.51,175.1,1.32,91.7,1,1
1.86,1.86,18.58,38.8,19.59,38.8,0.9105,1.514,60.14,62.02,173.1,3.29,45.5,0,0
19.56,19.56,61.32,84.69,29.95,84.69,1.4141,5.8385,24.22,17.75,227.5,3.95,39.7,1,1
27.22,27.22,78.82,112.63,29.41,112.63,1.764,5.9215,29.79,31.51,195.0,3.16,58.7,1,0
17.67,17.67,48.05,83.6,33.52,83.6,0.9115,4.9899,18.27,23.08,325.7,7.25,67.2,0,0
54.6,54.6,67.6,72.42,63.91,72.42,2.1065,1.2999,162.05,75.29,313.0,7.61,73.4,1,1
12.88,12.88,29.42,64.61,22.36,64.61,0.8811,3.9328,22.4,17.29,293.3,3.22,79.3,2,1
20.07,20.07,57.93,64.08,27.35,64.08,0.7525,4.4361,16.96,50.53,321.7,1.01,68.7,1,1
47.61,47.61,94.6,120.82,61.44,120.82,1.8134,1.4253,127.23,59.35,346.1,2.66,45.4,2,1
28.87,28.87,71.75,78.1,32.05,78.1,0.9432,5.112,18.45,19.5,151.8,4.02,50.7,1,0
5.66,5.66,24.69,59.6,17.31,59.6,0.4903,3.4735,14.12,37.21,312.4,9.18,89.2,0,0
12.85,12.85,31.28,44.59,25.51,44.59,0.6154,0.8162,75.4,73.55,151.4,8.62,75.7,1,0
13.47,13.47,41.74,55.87,25.78,55.87,1.3062,1.5967,81.81,53.03,183.3,0.92,58.6,1,1
56.15,56.15,80.32,89.72,66.79,89.72,1.8619,1.361,136.81,58.1,208.3,5.31,61.6,1,0
67.19,67.19,119.94,145.12,79.89,145.12,2.6273,5.0219,52.32,34.79,268.4,0.74,30.5,1,0
41.98,41.98,78.88,86.81,59.9,86.81,3.026,0.9038,300.0,70.76,198.1,1.93,50.6,1,0
18.37,18.37,68.21,74.57,37.98,74.57,1.608,2.3065,69.72,33.74,174.1,8.26,47.9,1,0
48.21,48.21,51.54,58.29,51.44,58.29,2.9255,3.8214,76.55,11.59,252.6,6.42,53.2,1,0
27.49,27.49,54.66,74.89,47.18,74.89,1.2257,2.1072,58.17,39.04,220.0,7.31,41.3,0,0
4.13,4.13,60.11,76.66,19.8,76.66,0.6262,1.3955,44.87,74.99,232.4,7.71,52.3,1,0
55.15,55.15,93.76,126.88,72.39,126.88,1.5138,5.5002,27.52,23.56,272.9,8.34,59.3,1,0
40.8,40.8,91.0,97.87,53.04,97.87,1.3085,2.3326,56.1,74.88,335.3,6.21,79.8,2,0
24.55,24.55,50.45,72.62,35.6,72.62,1.0164,0.947,107.33,35.16,333.3,9.78,49.5,0,0
38.22,38.22,90.69,110.69,39.33,110.69,2.1123,1.177,179.47,18.19,274.3,5.85,50.7,2,0
71.67,71.67,100.67,136.44,77.21,136.44,3.0078,7.6627,39.25,7.04,193.5,1.1,30.2,2,1
36.42,36.42,54.52,94.17,55.21,94.17,2.5371,1.5911,159.45,33.21,296.7,3.98,78.5,0,0
50.05,50.05,100.29,102.16,53.54,102.16,1.08,1.2978,83.22,15.37,250.8,5.52,72.8,0,0
53.91,53.91,57.17,91.82,54.36,91.82,2.3322,1.9417,120.11,71.59,271.7,6.98,38.0,0,0
35.44,35.44,56.11,86.25,46.3,86.25,1.2413,3.3028,37.58,13.77,241.8,2.12,31.3,2,1
5.84,5.84,10.23,28.28,10.74,28.28,0.3886,3.1432,12.36,72.88,239.7,4.06,32.5,1,0
44.87,44.87,50.79,54.91,54.48,54.91,1.0993,5.2193,21.06,11.01,188.6,2.74,82.0,0,0
32.4,32.4,75.15,100.23,36.08,100.23,1.537,1.4198,108.25,35.01,177.7,3.29,49.9,2,1
40.75,40.75,52.84,56.96,57.19,56.96,1.7342,5.9605,29.1,4.97,310.8,7.64,86.9,0,0
34.13,34.13,45.77,71.8,45.83,71.8,1.5922,0.788,202.05,70.85,159.9,3.61,86.5,0,0
70.02,70.02,119.53,153.92,77.66,153.92,3.7887,5.016,75.53,46.19,185.6,7.45,92.2,2,0
30.27,30.27,42.25,46.74,45.97,46.74,2.0382,5.3578,38.04,24.57,216.4,4.76,86.1,1,0
79.31,79.31,93.8,104.29,81.16,104.29,3.9801,3.6132,110.16,49.07,217.1,0.62,71.1,2,1
22.54,22.54,48.07,58.1,29.48,58.1,1.0567,5.8065,18.2,27.6,158.0,9.22,56.4,2,1
69.11,69.11,71.58,77.39,72.03,77.39,2.702,2.0055,134.73,73.7,218.8,7.78,78.3,0,1
28.62,28.62,75.16,102.96,41.94,102.96,1.4087,7.8792,17.88,22.17,158.5,8.75,67.9,2,1
59.9,59.9,99.87,108.02,78.16,108.02,3.5985,4.3991,81.8,52.62,330.9,9.32,68.7,0,0
65.53,65.53,104.2,107.29,68.37,107.29,3.9705,3.1878,124.55,70.76,235.6,7.95,83.8,0,0
2.42,2.42,38.26,64.27,16.05,64.27,0.46,1.6114,28.55,57.73,315.8,2.58,75.3,0,0
19.04,19.04,65.79,69.23,22.85,69.23,0.9707,1.5379,63.12,74.41,227.5,9.79,60.1,0,0
26.06,26.06,67.33,68.96,39.69,68.96,1.0265,2.2256,46.12,30.74,260.6,7.43,53.1,1,0
65.45,65.45,81.51,112.5,72.07,112.5,2.7922,1.2863,217.08,58.18,156.3,9.62,39.6,0,1
62.84,62.84,63.2,100.5,75.76,100.5,4.3267,3.9652,109.12,65.39,270.2,3.89,58.8,1,1
58.53,58.53,64.04,97.24,62.62,97.24,1.5759,9.9669,15.81,12.44,312.4,8.28,78.0,0,1
28.16,28.16,60.41,78.23,28.28,78.23,0.7631,2.9422,25.93,59.8,336.3,5.54,41.6,2,0
5.08,5.08,46.2,50.63,7.21,50.63,0.3776,8.7358,4.32,4.42,309.2,1.84,63.7,2,0
75.56,75.56,88.02,115.34,78.12,115.34,3.3534,2.113,158.7,36.08,349.8,0.75,30.0,0,1
70.71,70.71,125.46,160.68,73.57,160.68,2.3914,2.2315,107.17,59.67,282.6,2.75,51.0,1,0
24.5,24.5,25.91,36.11,27.92,36.11,1.2578,5.9822,21.03,9.02,325.0,3.94,41.0,2,1
47.32,47.32,53.39,74.88,56.68,74.88,3.358,4.193,80.09,8.81,185.2,2.33,39.5,1,0
34.35,34.35,74.77,86.03,52.66,86.03,3.0638,3.677,83.32,15.85,312.1,3.76,84.7,1,0
67.17,67.17,112.3,124.21,79.3,124.21,4.637,5.059,91.66,0.08,259.9,6.19,69.0,0,0
49.73,49.73,89.99,108.18,55.49,108.18,1.5007,1.2293,122.07,28.02,282.4,8.85,49.7,1,0
11.94,11.94,67.71,82.26,13.97,82.26,0.4174,0.7415,56.29,74.62,282.5,1.98,42.6,1,0
40.1,40.1,91.86,104.9,42.66,104.9,2.3049,5.4137,42.58,54.14,300.4,7.13,55.0,2,1
57.34,57.34,114.37,137.12,63.23,137.12,2.3439,3.2501,72.12,49.1,308.2,6.05,30.6,2,0
33.1,33.1,67.57,86.57,43.73,86.57,2.4671,0.4911,300.0,71.78,259.6,5.79,33.7,1,1
56.72,56.72,59.55,87.99,62.46,87.99,1.816,4.0705,44.61,50.17,238.1,8.44,69.4,2,0
51.33,51.33,88.21,88.62,63.49,88.62,1.4195,3.4972,40.59,61.5,210.7,4.5,41.7,0,0
9.06,9.06,49.18,59.68,23.29,59.68,0.8303,0.8408,98.75,45.02,309.4,7.95,54.4,0,1
6.5,6.5,32.58,39.89,24.17,39.89,0.8318,3.1083,26.76,47.26,207.7,2.43,89.3,1,0
59.74,59.74,84.85,85.47,70.31,85.47,3.3635,2.0223,166.32,16.79,201.4,8.97,72.7,2,0
28.93,28.93,61.88,82.52,47.01,82.52,2.3589,1.5127,155.94,46.24,224.0,8.74,54.2,2,1
33.65,33.65,34.56,37.35,37.55,37.35,1.5706,2.7098,57.96,71.36,171.1,5.58,85.6,0,0
72.05,72.05,123.3,125.45,88.53,125.45,4.4569,1.9646,226.86,5.06,257.3,4.44,88.8,2,1
49.29,49.29,95.62,117.64,68.95,117.64,1.9258,7.8345,24.58,8.33,315.2,9.97,36.4,2,0
5.48,5.48,58.81,90.83,23.12,90.83,1.3003,6.0513,21.49,25.8,209.7,3.12,87.6,0,1
12.47,12.47,69.61,94.12,25.83,94.12,1.2602,7.6874,16.39,30.46,278.1,7.98,88.3,1,0
76.32,76.32,134.44,173.13,77.05,173.13,3.8616,2.0425,189.06,60.77,167.2,6.29,39.3,2,1
4.25,4.25,9.05,45.49,19.15,45.49,0.6994,7.0201,9.96,37.6,221.7,6.35,52.9,2,1
19.42,19.42,51.05,59.98,20.18,59.98,0.9877,4.9274,20.05,43.92,167.5,9.96,94.6,2,1
19.49,19.49,63.74,98.91,35.78,98.91,1.8891,6.2514,30.22,37.04,288.1,1.76,37.4,2,0
72.58,72.58,112.16,128.0,80.86,128.0,3.4425,3.0001,114.75,60.82,251.8,7.41,75.8,2,1
60.4,60.4,91.22,94.21,73.98,94.21,3.8284,5.1613,74.18,41.89,210.0,2.42,52.8,0,1
57.67,57.67,68.11,82.76,60.84,82.76,2.4955,6.8557,36.4,19.85,308.4,6.87,49.4,1,0
43.96,43.96,49.74,84.7,54.21,84.7,1.9017,5.2216,36.42,15.88,216.6,3.07,66.9,0,1
17.56,17.56,23.56,54.98,37.46,54.98,1.1255,10.3006,10.93,1.9,158.7,8.3,67.8,1,0
20.2,20.2,56.29,57.52,33.12,57.52,1.1023,4.1906,26.3,53.84,315.3,7.3,38.3,0,0
9.55,9.55,18.85,25.48,19.11,25.48,0.9269,6.5972,14.05,14.11,206.2,3.46,44.5,0,1
39.4,39.4,41.92,52.34,42.56,52.34,2.4966,9.5732,26.08,6.79,267.7,5.42,85.1,1,0
67.26,67.26,99.01,101.46,83.93,101.46,4.3569,1.1565,300.0,11.07,243.0,8.87,71.3,0,1
10.69,10.69,68.36,72.56,21.27,72.56,0.9315,3.1534,29.54,21.13,309.6,7.88,86.5,0,0
59.75,59.75,77.89,100.35,63.13,100.35,3.4786,3.4665,100.35,65.38,159.2,9.93,46.1,0,1
21.4,21.4,54.56,64.15,29.28,64.15,1.3968,2.7195,51.36,66.88,268.9,1.9,83.0,2,0
53.39,53.39,75.5,101.58,60.33,101.58,1.3167,3.8101,34.56,36.64,236.0,6.59,65.5,0,1
24.71,24.71,25.58,31.8,34.66,31.8,1.0268,1.9622,52.33,55.55,304.6,3.22,70.4,1,0
42.84,42.84,102.56,141.32,47.26,141.32,1.2481,6.7427,18.51,27.6,283.2,5.26,65.0,2,0
53.37,53.37,75.34,77.05,60.93,77.05,1.4823,7.0235,21.11,38.66,287.6,9.65,89.0,2,1
65.27,65.27,116.95,149.7,74.38,149.7,1.9531,1.2568,155.41,45.53,162.2,5.24,72.6,1,1
68.58,68.58,114.18,142.31,68.78,142.31,1.537,7.1269,21.57,9.64,181.3,8.32,78.4,2,0
10.63,10.63,63.34,96.88,28.06,96.88,1.5978,2.4192,66.05,9.34,184.8,4.0,59.6,2,0
70.13,70.13,124.87,136.26,74.53,136.26,1.5074,3.623,41.61,36.27,305.9,9.97,64.4,1,0
21.29,21.29,51.42,68.69,32.19,68.69,0.6795,8.4766,8.02,18.02,157.6,1.77,67.1,1,1
50.81,50.81,75.0,81.18,58.84,81.18,2.3222,1.4155,164.06,69.6,195.2,3.24,38.9,1,1
14.64,14.64,63.29,84.23,27.16,84.23,1.4731,4.6639,31.59,5.49,188.4,0.81,67.2,2,0
64.03,64.03,93.53,103.19,71.0,103.19,1.7509,8.5428,20.5,5.31,273.3,6.27,93.2,2,0
51.07,51.07,59.44,81.56,55.02,81.56,2.046,3.4156,59.9,66.81,343.3,9.81,38.4,1,0
6.79,6.79,29.75,40.19,25.83,40.19,0.9161,2.1549,42.51,61.01,176.4,8.7,30.0,0,0
27.34,27.34,31.32,44.03,32.24,44.03,0.7951,0.6063,131.15,42.78,207.5,6.59,77.1,0,1
19.75,19.75,77.17,84.79,23.42,84.79,0.6151,5.0026,12.3,15.14,169.2,6.58,69.8,2,0
73.47,73.47,117.47,149.65,87.89,149.65,3.2433,3.8238,84.82,22.64,169.4,4.79,32.8,1,0
55.15,55.15,88.86,102.5,66.56,102.5,2.9351,5.1669,56.81,52.19,242.0,3.78,75.4,1,1
34.25,34.25,59.78,99.41,48.38,99.41,1.8015,3.4796,51.77,29.72,157.3,5.51,82.7,2,1
58.24,58.24,101.41,111.91,70.7,111.91,1.7988,2.5336,71.0,67.18,189.0,5.12,32.9,0,1
36.8,36.8,96.18,116.42,46.76,116.42,1.2105,6.0833,19.9,14.88,285.5,4.26,48.8,1,1
2.59,2.59,47.59,62.86,14.56,62.86,0.6018,3.2614,18.45,12.43,289.1,2.36,58.4,1,0
11.67,11.67,42.26,46.8,21.39,46.8,0.7988,2.8257,28.27,36.18,331.6,5.15,83.2,1,0
6.01,6.01,31.25,58.0,22.77,58.0,0.6169,3.5254,17.5,51.21,157.4,8.02,40.9,1,1
49.3,49.3,72.02,105.35,53.39,105.35,3.0172,4.0887,73.8,28.56,334.0,6.68,37.2,0,0
70.79,70.79,79.1,81.27,84.88,81.27,1.951,1.9713,98.97,67.07,310.2,0.85,31.8,2,1
2.07,2.07,4.19,33.27,6.27,33.27,0.1403,3.2887,4.26,59.99,304.0,3.05,55.3,1,1
44.86,44.86,75.14,113.88,51.55,113.88,2.9455,4.5813,64.29,57.58,331.6,9.91,38.6,0,0
22.31,22.31,80.22,88.39,32.3,88.39,1.5795,5.8642,26.93,12.95,167.8,7.08,85.2,2,0
12.54,12.54,63.3,101.38,15.6,101.38,0.6435,5.1261,12.55,40.47,291.3,5.14,69.0,2,1
8.79,8.79,44.65,52.02,25.72,52.02,0.7715,4.9933,15.45,32.24,237.4,9.6,63.1,0,0
59.7,59.7,82.44,99.54,66.44,99.54,3.649,1.1411,300.0,57.1,331.1,8.87,59.4,1,0
58.16,58.16,87.85,115.41,73.61,115.41,2.7479,4.3273,63.5,61.06,204.7,5.25,51.3,0,0
37.76,37.76,58.66,84.23,48.17,84.23,1.655,0.7371,224.54,69.54,236.5,2.45,66.0,0,1
77.87,77.87,120.1,131.47,81.96,131.47,2.5944,1.2746,203.54,70.06,242.6,7.2,86.7,2,1
13.87,13.87,66.51,77.54,16.43,77.54,0.4185,9.8451,4.25,16.13,275.2,3.53,38.7,1,0
12.44,12.44,45.85,78.4,15.66,78.4,0.6419,3.2782,19.58,0.19,188.9,7.38,92.5,1,0
16.95,16.95,18.03,48.37,25.63,48.37,0.674,6.5357,10.31,42.74,240.0,2.43,87.1,1,0
53.56,53.56,100.53,103.74,54.01,103.74,2.0884,1.5451,135.16,31.6,177.3,4.41,58.7,2,0
47.93,47.93,71.24,91.52,54.22,91.52,2.1576,5.6146,38.43,46.0,332.2,8.46,82.8,2,1
37.49,37.49,78.51,108.94,43.4,108.94,1.3428,2.509,53.52,39.27,283.5,7.59,60.7,0,0
57.03,57.03,70.53,100.08,71.33,100.08,3.8671,2.1835,177.1,44.48,199.9,7.49,92.0,2,1
79.34,79.34,113.45,118.05,80.25,118.05,2.3973,6.4083,37.41,33.89,219.5,7.7,60.2,2,1
77.92,77.92,131.23,141.41,91.1,141.41,2.7732,0.2539,300.0,79.29,283.0,8.57,40.4,0,1
37.76,37.76,60.21,83.66,56.06,83.66,3.0888,2.4666,125.22,46.34,304.6,0.89,91.3,2,1
46.03,46.03,93.21,99.15,49.62,99.15,1.924,8.1641,23.57,11.96,296.3,6.69,43.7,1,0
3.56,3.56,16.73,30.43,23.55,30.43,0.954,4.2382,22.51,2.11,166.7,3.1,94.5,0,0
35.89,35.89,46.19,51.11,47.64,51.11,2.653,2.6623,99.65,59.43,199.3,9.27,63.7,2,1
44.76,44.76,88.06,99.26,62.03,99.26,1.4355,1.1953,120.09,67.19,182.0,4.12,85.5,0,0
18.38,18.38,45.53,59.64,20.74,59.64,0.9875,7.3956,13.35,35.05,265.1,5.27,70.1,2,0
51.61,51.61,88.0,105.32,64.11,105.32,3.7669,2.3159,162.65,60.61,342.0,8.3,69.1,2,1
38.32,38.32,53.76,53.9,57.66,53.9,1.7393,6.1863,28.11,41.1,288.6,4.63,82.2,2,0
21.39,21.39,26.99,42.75,21.74,42.75,0.5738,1.7675,32.46,21.74,296.4,1.5,86.3,2,0
0.81,0.81,43.72,53.99,11.0,53.99,0.2751,0.4718,58.32,78.82,232.4,8.59,45.9,0,0
0.23,0.23,25.9,26.41,18.43,26.41,0.5171,4.3007,12.02,46.64,290.0,6.93,33.9,0,0
63.4,63.4,79.17,84.05,77.45,84.05,1.6223,6.727,24.12,30.88,313.7,2.46,52.0,2,0
2.06,2.06,57.05,69.51,15.27,69.51,0.6261,5.5183,11.35,53.56,254.2,4.08,69.0,1,0
33.94,33.94,53.88,89.23,36.65,89.23,1.7823,8.2343,21.64,20.41,311.2,5.03,42.5,2,1
40.8,40.8,66.91,94.23,43.55,94.23,0.9337,1.6604,56.24,71.34,241.5,6.78,87.7,2,1
17.82,17.82,38.98,76.67,35.53,76.67,1.3518,4.4225,30.57,38.04,161.8,8.98,83.2,1,0
9.85,9.85,53.16,75.43,14.53,75.43,0.3619,1.7011,21.27,78.34,241.7,5.19,40.8,1,0
12.59,12.59,21.87,56.12,18.82,56.12,1.0079,3.9556,25.48,50.14,298.0,8.49,70.6,1,0
33.47,33.47,41.23,58.19,41.26,58.19,2.0662,1.0765,191.94,22.01,265.6,8.16,65.3,1,0
7.86,7.86,66.48,67.07,19.8,67.07,0.87,7.1374,12.19,26.55,222.4,1.08,30.5,2,0
42.07,42.07,69.4,97.07,42.41,97.07,2.3916,1.5051,158.9,62.19,237.7,1.27,81.9,0,1
19.47,19.47,22.11,45.75,37.67,45.75,1.7219,6.3104,27.29,25.38,316.4,5.02,83.3,0,0
37.17,37.17,95.8,116.46,44.88,116.46,1.5347,3.0016,51.13,43.84,294.6,4.12,55.0,1,1
52.43,52.43,82.73,100.85,66.81,100.85,2.3379,3.017,77.49,67.7,215.4,7.29,67.8,0,0
15.2,15.2,48.55,54.87,23.35,54.87,0.8215,5.0284,16.34,39.45,327.0,7.84,64.2,1,0
63.05,63.05,73.12,84.55,69.81,84.55,1.933,1.2953,149.23,40.14,276.8,2.31,38.0,0,0
39.19,39.19,41.2,64.17,50.36,64.17,2.256,0.3622,300.0,68.9,298.9,5.19,70.2,2,0
32.06,32.06,41.8,44.03,44.78,44.03,2.1533,3.3486,64.3,71.66,348.1,7.37,52.1,0,0
16.15,16.15,73.36,113.18,23.56,113.18,0.6028,5.9303,10.16,32.62,217.4,2.72,51.3,1,0
17.39,17.39,71.74,75.15,23.89,75.15,0.9724,4.8807,19.92,28.36,158.7,6.66,66.6,1,0
28.01,28.01,41.6,61.6,28.53,61.6,0.6947,2.1103,32.92,54.23,162.6,6.7,55.9,2,1
76.56,76.56,102.1,112.67,88.74,112.67,2.9168,3.9719,73.44,49.79,162.8,2.5,40.0,0,1
48.15,48.15,105.0,119.4,58.69,119.4,2.2952,6.4579,35.54,25.37,313.4,7.58,82.5,0,0
59.77,59.77,95.93,122.6,74.56,122.6,2.5332,2.6946,94.01,70.86,280.7,3.16,68.6,1,1
40.7,40.7,60.73,67.49,45.91,67.49,2.7081,8.3063,32.6,24.72,198.3,7.37,67.3,2,1
56.54,56.54,110.87,133.41,57.9,133.41,2.3022,1.7246,133.49,56.66,259.7,6.17,54.9,2,0
57.22,57.22,110.65,134.46,76.57,134.46,3.727,1.1427,300.0,50.56,245.4,3.24,65.8,2,0
28.54,28.54,39.09,62.14,36.46,62.14,1.5137,1.1263,134.39,45.19,184.6,6.18,66.9,2,1
76.1,76.1,109.77,110.86,92.51,110.86,4.4597,1.1745,300.0,62.88,343.8,9.67,47.8,2,1
50.34,50.34,86.2,88.38,50.44,88.38,1.5286,1.468,104.13,10.24,331.4,5.43,81.8,0,1
69.11,69.11,113.63,143.36,87.14,143.36,4.8456,4.3778,110.69,42.29,240.9,8.21,33.5,2,1
5.89,5.89,64.48,64.7,20.25,64.7,0.7141,0.8309,85.94,77.4,155.5,0.76,66.0,1,0
38.62,38.62,44.64,65.53,50.61,65.53,2.8336,1.9196,147.61,48.97,150.2,2.67,43.6,2,1
50.07,50.07,56.23,85.78,67.81,85.78,1.8917,5.2813,35.82,52.81,167.1,2.7,92.5,2,1
40.8,40.8,58.3,97.49,45.23,97.49,1.1307,3.3223,34.04,34.35,226.6,8.64,39.1,2,0
13.64,13.64,14.38,25.32,14.88,25.32,0.7259,1.81,40.11,64.82,339.5,4.56,76.0,0,0
42.39,42.39,90.19,108.66,46.94,108.66,2.7336,10.8252,25.25,9.25,311.8,8.47,81.7,1,0
60.54,60.54,105.28,116.14,64.16,116.14,2.7559,2.8399,97.04,38.39,317.4,7.81,73.9,0,0
18.79,18.79,19.41,32.99,23.92,32.99,0.7371,6.9275,10.64,4.98,159.0,6.59,66.9,0,0
76.63,76.63,111.7,138.86,87.26,138.86,3.081,2.7927,110.32,71.71,288.0,2.68,72.4,2,0
69.48,69.48,86.93,126.84,75.82,126.84,2.4401,1.929,126.49,68.1,240.1,6.82,38.5,1,1
54.14,54.14,62.3,71.61,68.37,71.61,3.317,1.8007,184.21,33.76,303.1,1.4,85.4,1,1
58.26,58.26,94.32,116.66,72.96,116.66,3.8193,6.4415,59.29,46.28,298.9,8.63,92.0,2,1
46.91,46.91,73.87,96.69,62.87,96.69,3.0628,7.4925,40.88,33.39,189.4,5.58,31.4,0,1
51.96,51.96,73.46,73.69,54.27,73.69,1.7911,3.0679,58.38,73.79,201.8,4.65,74.8,1,0
32.22,32.22,47.86,60.86,35.48,60.86,1.0941,4.7726,22.92,42.13,260.8,5.18,81.7,0,1
56.38,56.38,97.94,112.91,63.26,112.91,2.8,0.2275,300.0,78.58,230.5,5.67,32.6,2,1
41.14,41.14,88.37,114.72,53.17,114.72,2.5328,9.4236,26.88,5.46,293.1,3.11,42.7,0,0
10.85,10.85,50.41,54.61,11.39,54.61,0.6781,3.8196,17.75,15.35,210.6,2.61,42.8,0,0
62.56,62.56,84.43,109.47,72.2,109.47,2.2811,5.6173,40.61,45.52,290.7,8.29,60.3,2,1
62.94,62.94,99.0,120.39,73.22,120.39,3.0392,5.3112,57.22,48.87,159.8,4.76,89.0,2,1
70.72,70.72,120.32,142.19,71.17,142.19,2.3354,6.8729,33.98,4.37,275.8,9.17,53.3,0,0
19.15,19.15,61.75,92.02,27.0,92.02,1.3391,4.1966,31.91,48.97,293.7,1.32,40.3,2,1
73.08,73.08,120.93,125.6,84.57,125.6,2.5949,2.1579,120.25,29.47,315.8,1.87,72.0,1,1
72.63,72.63,111.21,129.47,85.82,129.47,3.5404,6.5969,53.67,38.17,240.5,1.19,81.2,2,1
30.95,30.95,47.75,63.85,43.31,63.85,2.3721,3.8145,62.19,13.8,344.2,4.86,51.3,0,0
74.42,74.42,118.26,132.23,93.78,132.23,3.4749,4.4505,78.08,22.14,192.3,8.91,53.5,0,1
72.14,72.14,110.68,130.21,74.78,130.21,2.3483,6.1436,38.22,43.75,325.6,1.02,50.4,2,0
21.15,21.15,28.95,30.42,24.3,30.42,0.9612,6.1968,15.51,46.03,226.9,7.23,39.2,1,0
38.33,38.33,84.53,120.42,54.79,120.42,1.4672,2.8048,52.31,7.32,306.7,9.18,90.2,1,0
65.82,65.82,98.73,104.56,67.41,104.56,2.2933,7.602,30.17,34.06,221.3,4.1,91.4,0,0
63.17,63.17,96.14,101.28,63.86,101.28,1.3135,2.7433,47.88,20.86,193.2,7.51,85.6,2,1
79.99,79.99,126.15,147.64,85.08,147.64,3.5466,2.6649,133.09,41.23,152.7,9.61,67.4,2,1
61.2,61.2,105.43,109.24,73.1,109.24,2.0646,2.732,75.57,66.85,325.5,4.88,36.3,0,0
39.71,39.71,84.64,92.11,59.57,92.11,3.4046,1.4453,235.57,47.95,316.5,6.65,76.5,0,1
34.73,34.73,40.1,54.41,39.21,54.41,2.0685,3.2791,63.08,70.4,292.8,1.96,33.1,2,0
37.81,37.81,67.16,76.76,44.1,76.76,2.568,2.8989,88.58,48.25,257.7,7.45,82.5,1,1
38.57,38.57,72.91,74.45,56.69,74.45,1.6164,11.4486,14.12,0.28,186.0,7.92,68.9,1,0
36.87,36.87,60.11,80.96,46.47,80.96,2.6179,2.6549,98.61,33.96,250.6,9.21,65.8,0,0
63.23,63.23,79.09,79.87,66.45,79.87,3.9868,0.3001,300.0,75.77,302.4,1.53,88.4,2,1
52.94,52.94,54.38,74.45,67.59,74.45,2.7915,1.9804,140.96,35.5,297.1,9.66,85.1,2,1
48.25,48.25,80.97,83.34,62.22,83.34,3.4107,5.2392,65.1,41.0,284.5,3.95,31.3,2,1
13.35,13.35,24.71,33.92,28.96,33.92,0.7789,6.5787,11.84,30.64,172.2,1.33,55.4,0,0
76.92,76.92,107.37,140.28,79.51,140.28,2.81,0.9586,293.12,75.72,279.7,9.77,65.8,2,1
8.99,8.99,9.42,44.79,22.42,44.79,1.0608,3.5241,30.1,17.69,333.9,3.34,50.9,0,1
73.12,73.12,90.71,95.52,81.92,95.52,1.7585,1.2459,141.15,70.71,276.8,9.11,93.5,0,1
28.74,28.74,29.27,68.51,46.8,68.51,1.6229,1.2896,125.84,1.45,201.7,8.55,40.4,1,1
30.19,30.19,38.93,78.84,42.55,78.84,2.3926,4.1013,58.34,29.69,314.2,8.21,70.1,2,1
32.36,32.36,68.36,108.28,52.05,108.28,2.909,3.591,81.01,45.91,347.1,7.9,34.2,2,0
61.47,61.47,106.0,132.72,69.77,132.72,2.2154,1.918,115.51,64.71,287.0,7.4,84.9,1,0
11.04,11.04,36.09,38.29,30.0,38.29,1.6059,10.4933,15.3,3.91,251.8,7.17,87.7,0,0
0.21,0.21,30.02,67.99,11.66,67.99,0.6599,4.9761,13.26,2.47,215.4,7.2,75.1,0,0
25.37,25.37,67.39,100.18,29.82,100.18,0.8519,6.5893,12.93,3.25,302.4,8.04,80.5,0,0
33.82,33.82,93.31,119.47,52.52,119.47,2.6714,1.6615,160.79,36.07,223.6,6.51,63.3,1,0
32.13,32.13,60.21,81.35,37.43,81.35,2.2054,3.1415,70.2,72.92,349.4,6.86,59.4,2,0
66.75,66.75,96.59,123.52,74.23,123.52,2.743,4.9266,55.68,2.54,231.7,2.64,46.1,0,1
8.91,8.91,43.57,49.97,19.48,49.97,0.7225,3.4411,21.0,51.38,251.9,2.22,60.1,1,0
34.79,34.79,81.55,98.59,39.5,98.59,1.6431,3.8653,42.51,3.62,316.2,7.81,58.5,1,0
31.94,31.94,83.33,99.06,34.3,99.06,0.8945,2.0411,43.82,48.0,281.0,4.66,51.7,0,1
31.73,31.73,76.04,93.66,33.57,93.66,1.2862,3.4714,37.05,40.62,313.2,9.15,81.1,2,0
23.03,23.03,71.74,106.01,28.37,106.01,1.0491,3.509,29.9,67.9,331.8,1.64,31.8,1,0
28.12,28.12,84.64,94.83,33.74,94.83,1.6567,7.9584,20.82,0.31,225.5,9.79,74.9,1,0
76.21,76.21,117.25,134.36,80.22,134.36,3.872,8.8992,43.51,16.12,302.7,3.3,62.8,0,0
77.21,77.21,118.8,152.66,88.02,152.66,3.5229,1.5596,225.89,57.03,185.4,4.42,71.3,0,1
30.36,30.36,46.63,54.44,46.45,54.44,1.3429,3.0025,44.73,38.67,287.2,7.92,52.1,2,0
10.64,10.64,45.96,74.02,15.65,74.02,0.6598,5.2877,12.48,25.47,281.9,9.74,59.6,2,0
20.25,20.25,79.52,87.79,36.05,87.79,0.9888,0.9314,106.17,64.35,343.4,7.02,35.9,1,0
27.0,27.0,42.65,71.4,41.83,71.4,1.2864,1.3753,93.54,70.1,164.0,6.2,37.0,0,1
17.2,17.2,59.39,81.27,33.99,81.27,1.0352,4.5341,22.83,38.68,308.4,2.37,45.7,0,1
49.03,49.03,51.37,56.46,59.03,56.46,1.2214,5.7903,21.09,37.13,186.9,6.09,75.1,2,1
6.68,6.68,39.2,44.14,19.64,44.14,1.1381,2.1351,53.3,77.64,204.7,0.78,51.4,0,0
28.78,28.78,46.66,55.43,42.9,55.43,2.4209,4.7158,51.34,42.84,170.6,1.92,54.9,2,1
76.67,76.67,94.98,109.34,89.15,109.34,5.1875,5.3548,96.88,53.02,187.5,6.38,83.9,1,1
78.78,78.78,87.24,103.68,96.25,103.68,5.3316,2.3522,226.66,78.43,160.2,9.33,57.8,1,1
46.07,46.07,96.81,104.56,49.77,104.56,2.3749,5.8219,40.79,0.38,209.2,5.79,34.6,1,1
24.45,24.45,37.34,46.49,28.75,46.49,0.9921,6.7981,14.59,13.42,287.6,5.38,68.8,0,0
22.96,22.96,77.22,103.43,35.24,103.43,1.8854,10.2504,18.39,4.68,285.6,3.92,46.7,0,1
11.35,11.35,26.92,54.56,25.56,54.56,1.0328,0.9653,106.98,65.13,319.7,1.33,32.8,1,1
1.13,1.13,47.92,83.91,17.91,83.91,0.6762,3.2031,21.11,72.25,229.7,9.01,90.3,1,0
16.16,16.16,72.86,110.74,29.48,110.74,1.703,5.7476,29.63,44.89,168.8,8.71,33.6,0,0
18.58,18.58,75.7,98.08,36.53,98.08,1.8642,3.9743,46.91,2.08,290.5,5.68,83.0,1,0
77.27,77.27,120.46,147.53,84.5,147.53,4.2722,0.8273,300.0,19.28,292.0,3.64,70.7,1,0
33.05,33.05,47.75,67.24,40.79,67.24,1.7815,2.0785,85.71,76.97,268.2,3.97,66.7,0,0
69.29,69.29,95.05,114.74,70.96,114.74,2.5846,8.8171,29.31,13.63,318.1,4.85,90.5,2,0
43.97,43.97,85.5,101.23,59.0,101.23,3.3886,4.8121,70.42,56.24,267.7,5.98,49.8,0,1
51.71,51.71,65.69,87.45,66.82,87.45,1.6773,9.9132,16.92,12.53,232.6,1.69,93.7,0,0
35.93,35.93,95.01,114.56,36.11,114.56,2.1506,0.7968,269.91,78.28,192.1,6.35,35.0,1,1
65.49,65.49,121.87,128.79,74.75,128.79,1.6896,1.5466,109.24,27.13,202.9,9.91,32.9,0,1
36.17,36.17,92.06,100.02,39.76,100.02,1.9073,3.8737,49.24,58.06,155.2,2.97,84.6,2,1
23.67,23.67,39.28,77.15,38.23,77.15,1.6551,0.5985,276.55,75.02,216.7,4.27,77.2,1,0
15.63,15.63,72.28,86.53,24.02,86.53,0.9032,4.4545,20.28,48.7,279.9,9.08,82.0,1,0
33.55,33.55,66.78,68.55,48.95,68.55,1.4866,3.5276,42.14,22.61,206.7,3.71,69.3,1,0
66.11,66.11,71.67,92.18,76.52,92.18,3.4401,2.1323,161.33,70.85,344.7,8.78,44.0,1,1
31.32,31.32,64.5,73.8,35.77,73.8,1.6999,2.4022,70.76,53.76,345.2,2.42,55.5,2,1
43.17,43.17,47.7,83.44,55.68,83.44,1.9865,4.1427,47.95,43.16,200.9,7.68,63.1,2,0
74.29,74.29,96.72,113.25,86.77,113.25,4.6856,4.5678,102.58,53.48,172.8,9.28,88.8,0,1
16.22,16.22,17.53,56.77,21.4,56.77,0.7452,5.7169,13.04,24.02,229.6,3.68,71.4,1,0
77.87,77.87,117.93,142.22,82.61,142.22,3.5488,0.5389,300.0,68.15,232.9,8.21,50.2,2,0
21.44,21.44,29.69,57.61,24.69,57.61,0.7219,5.4418,13.27,52.44,191.8,9.28,69.5,2,0
74.03,74.03,105.23,131.97,81.49,131.97,4.8717,0.3856,300.0,76.64,222.9,9.47,40.9,1,1
4.18,4.18,27.86,33.4,18.79,33.4,0.5266,4.5726,11.52,55.03,303.4,2.87,79.4,0,0
6.68,6.68,56.33,93.92,20.0,93.92,0.5556,2.934,18.94,74.73,296.2,3.82,61.7,1,1
21.35,21.35,43.64,60.54,36.3,60.54,1.4122,8.307,17.0,25.72,268.6,4.24,62.8,0,0
32.09,32.09,86.98,100.96,37.08,100.96,1.4227,2.2075,64.45,75.93,151.7,7.04,57.0,2,1
27.56,27.56,69.85,85.57,31.94,85.57,0.7915,2.4302,32.57,60.19,288.4,6.84,54.1,2,1
25.29,25.29,27.16,39.49,29.39,39.49,1.6108,1.8603,86.59,73.5,211.2,4.57,32.4,0,1
69.35,69.35,82.21,110.18,80.72,110.18,2.2335,6.0801,36.73,38.05,278.0,1.26,68.0,1,0
66.24,66.24,72.81,88.83,80.91,88.83,3.7927,1.5314,247.67,45.32,221.0,8.4,63.2,0,1
4.06,4.06,58.3,93.6,20.21,93.6,1.0479,1.8524,56.57,42.04,284.9,1.6,88.2,1,0
72.08,72.08,101.16,116.07,83.15,116.07,4.1808,10.6665,39.2,9.57,216.9,1.61,57.4,1,0
50.85,50.85,85.44,114.37,67.58,114.37,2.6943,3.6393,74.03,33.84,263.3,1.53,50.3,1,1
77.87,77.87,112.83,130.01,89.19,130.01,3.3809,5.4509,62.02,34.8,290.3,1.08,65.1,1,0
63.66,63.66,93.89,100.67,75.43,100.67,3.9985,2.5857,154.64,74.59,187.8,7.27,87.2,1,1
40.01,40.01,78.23,90.01,41.79,90.01,2.268,2.4806,91.43,75.45,216.8,1.39,48.2,0,1
27.41,27.41,60.5,92.1,32.09,92.1,0.652,6.1052,10.68,47.39,155.0,8.88,71.9,2,1
33.64,33.64,81.55,119.05,37.08,119.05,1.2184,7.0896,17.19,24.62,232.6,8.71,31.4,0,0
63.38,63.38,119.89,123.53,66.44,123.53,1.5386,9.8608,15.6,15.83,340.4,8.98,72.6,1,1
52.44,52.44,91.95,125.69,65.51,125.69,2.6285,4.5013,58.39,31.18,254.5,3.93,59.1,0,0
22.64,22.64,36.55,68.29,31.63,68.29,0.6569,1.4351,45.77,64.86,184.9,8.36,65.8,2,1
75.36,75.36,79.16,111.13,89.53,111.13,3.2382,0.8345,300.0,74.54,327.5,6.25,64.2,0,1
0.49,0.49,1.58,32.69,3.73,32.69,0.1162,3.4527,3.36,54.49,263.9,2.78,91.5,0,0
42.31,42.31,72.34,110.74,50.19,110.74,1.3305,1.8467,72.05,74.3,260.1,1.5,70.1,0,1
10.9,10.9,60.94,93.77,24.79,93.77,1.1326,7.2808,15.56,21.18,157.6,2.37,90.6,1,0
8.91,8.91,65.85,70.33,14.05,70.33,0.4576,2.991,15.3,0.6,344.8,3.75,62.8,2,0
52.93,52.93,89.44,115.43,68.91,115.43,1.7796,3.2303,55.09,63.34,285.5,7.5,49.5,2,0
69.37,69.37,84.19,100.81,76.73,100.81,3.6654,6.9168,52.99,36.42,308.8,6.47,91.3,2,0
41.97,41.97,43.32,53.72,54.4,53.72,1.8749,1.4517,129.15,46.73,256.9,0.52,85.1,2,1
35.03,35.03,64.2,89.7,45.52,89.7,1.7418,0.4478,300.0,69.72,165.4,7.84,72.9,2,1
42.91,42.91,45.94,57.9,62.66,57.9,1.8107,5.5077,32.88,33.51,299.0,2.97,40.6,1,1
51.42,51.42,55.61,60.21,64.1,60.21,1.7385,3.2858,52.91,54.88,295.3,9.39,69.1,0,0
3.94,3.94,22.08,58.31,12.17,58.31,0.4949,6.234,7.94,40.69,151.0,6.55,37.0,0,0
31.39,31.39,63.62,64.19,37.08,64.19,1.2154,11.3399,10.72,4.59,214.3,4.1,74.5,0,0
25.79,25.79,82.71,121.9,28.18,121.9,0.7741,3.9864,19.42,16.64,248.2,5.86,57.7,0,0
79.37,79.37,134.79,137.83,92.5,137.83,4.0588,2.7052,150.04,55.11,327.9,1.14,52.7,1,1
58.32,58.32,104.96,131.85,73.84,131.85,3.2733,7.6935,42.55,10.86,305.4,8.72,46.0,2,1
20.52,20.52,22.44,55.45,30.64,55.45,0.6562,4.551,14.42,0.91,308.5,5.15,39.7,1,0
22.1,22.1,55.08,63.48,28.98,63.48,0.7287,4.1547,17.54,33.6,157.8,0.84,52.8,1,0
62.96,62.96,105.9,106.06,63.49,106.06,2.6193,3.0041,87.19,4.49,157.9,8.13,62.0,2,1
74.03,74.03,133.44,147.81,76.55,147.81,3.1568,4.103,76.94,17.87,225.7,5.06,79.6,2,1
26.81,26.81,73.91,99.49,26.98,99.49,1.3216,7.1361,18.52,13.61,263.5,4.31,75.1,2,0
57.82,57.82,82.65,114.21,74.4,114.21,2.2914,2.0322,112.75,19.04,183.2,4.23,42.5,2,1
21.59,21.59,61.52,77.47,30.02,77.47,1.2791,2.0766,61.59,78.76,165.8,1.48,93.0,1,0
14.37,14.37,41.27,73.19,31.7,73.19,0.8331,1.8892,44.1,47.68,341.7,2.9,77.2,2,0
52.74,52.74,72.45,105.2,70.45,105.2,3.5065,7.652,45.82,26.46,261.9,6.13,61.0,1,0
14.21,14.21,31.02,36.13,18.46,36.13,0.3867,5.3779,7.19,43.99,307.7,9.14,87.2,1,1
46.91,46.91,104.67,142.62,53.18,142.62,2.7137,3.8424,70.63,63.4,329.3,4.15,56.0,2,1
70.07,70.07,113.35,151.62,73.64,151.62,3.1094,10.8656,28.62,5.14,168.0,5.9,55.4,1,0
58.5,58.5,68.95,96.72,62.08,96.72,2.7291,2.2153,123.19,11.79,305.8,6.17,82.6,0,1
31.28,31.28,40.27,45.69,43.23,45.69,2.3897,5.9837,39.94,14.74,341.3,2.91,43.4,1,0
68.26,68.26,104.02,106.72,77.72,106.72,2.8088,1.3458,208.71,32.5,279.7,5.72,86.9,0,1
24.34,24.34,77.12,104.74,27.78,104.74,1.5974,2.7033,59.09,57.75,276.9,0.73,62.5,0,0
47.88,47.88,94.5,95.94,63.55,95.94,1.8932,3.4942,54.18,60.16,228.7,1.64,45.5,1,1
15.1,15.1,69.19,100.54,21.99,100.54,0.7975,9.2405,8.63,19.11,312.7,4.71,45.3,0,0
49.65,49.65,73.99,91.24,54.93,91.24,3.0048,5.6794,52.91,17.56,299.5,4.4,78.6,0,0
37.58,37.58,82.51,121.02,45.18,121.02,1.412,2.4846,56.83,48.84,178.3,9.63,82.6,0,1
1.42,1.42,27.66,65.0,4.19,65.0,0.2121,2.1628,9.81,5.52,307.2,7.11,33.5,2,0
23.61,23.61,53.68,66.86,43.01,66.86,2.0181,4.3697,46.18,29.77,280.1,0.52,70.2,2,0
56.51,56.51,89.95,104.7,59.86,104.7,3.3829,4.8842,69.26,25.55,256.9,8.73,55.4,2,0
6.25,6.25,8.15,44.91,20.59,44.91,0.8809,4.521,19.49,42.6,277.7,8.35,68.8,2,0
78.14,78.14,80.05,95.52,95.78,95.52,3.3157,2.6482,125.21,11.31,235.6,9.37,84.3,0,0
69.89,69.89,84.66,104.21,70.49,104.21,1.7433,0.4782,300.0,56.44,259.6,7.11,32.1,1,1
71.18,71.18,89.13,128.1,88.07,128.1,4.2665,5.5994,76.19,31.35,313.2,3.38,94.5,1,0
41.92,41.92,87.58,120.66,42.39,120.66,2.4034,1.367,175.82,26.92,229.7,8.93,60.1,2,0
44.85,44.85,66.48,68.26,47.07,68.26,2.085,1.7933,116.27,29.19,211.5,1.12,47.2,0,0
7.14,7.14,42.0,78.79,22.87,78.79,1.0397,2.6252,39.6,74.26,349.0,0.82,84.3,1,1
38.25,38.25,85.52,93.32,50.32,93.32,2.366,2.5866,91.47,47.69,219.4,2.55,50.9,2,0
10.12,10.12,59.23,86.76,10.73,86.76,0.3695,2.9399,12.57,37.34,173.5,2.47,31.6,1,0
65.6,65.6,97.2,114.18,78.84,114.18,2.2789,6.2247,36.61,10.52,194.5,6.2,60.0,0,1
25.14,25.14,56.35,75.56,39.47,75.56,1.1075,3.7645,29.42,58.33,239.8,8.21,54.8,1,0
39.81,39.81,68.28,85.63,56.73,85.63,2.5382,1.4782,171.7,45.41,320.2,6.29,92.4,2,0
76.68,76.68,92.11,116.52,82.31,116.52,4.0637,7.535,53.93,7.49,234.0,6.08,31.7,2,0
50.02,50.02,68.96,74.79,58.73,74.79,2.7622,9.3092,29.67,18.22,160.0,7.32,45.5,0,0
27.65,27.65,48.65,69.54,47.09,69.54,1.8113,1.6564,109.35,73.15,171.5,2.69,56.5,1,0
54.29,54.29,88.99,108.64,62.24,108.64,1.6494,6.9631,23.69,9.97,210.6,2.13,74.0,1,1
79.8,79.8,109.06,128.87,95.27,128.87,2.2859,0.9205,248.33,34.16,230.2,9.85,79.0,0,0
48.65,48.65,93.9,120.27,57.93,120.27,1.7576,2.4627,71.37,41.61,247.3,1.89,66.8,0,0
13.0,13.0,70.74,88.62,20.05,88.62,0.9028,0.4299,210.0,67.46,233.3,2.83,78.4,0,1
10.79,10.79,17.34,17.6,25.67,17.6,1.3186,2.4268,54.33,79.43,182.4,9.79,51.3,0,0
66.06,66.06,125.9,156.9,81.7,156.9,4.2242,5.0143,84.24,5.27,269.4,9.14,37.5,1,1
54.66,54.66,101.93,140.37,60.57,140.37,1.8244,6.281,29.05,2.32,224.8,6.14,60.6,2,0
19.33,19.33,39.91,68.1,34.89,68.1,1.4505,8.3914,17.29,16.75,330.0,4.22,57.9,1,1
56.45,56.45,107.46,113.49,70.74,113.49,3.9824,1.9592,203.26,68.23,324.5,1.11,79.2,2,1
3.6,3.6,54.96,56.82,9.87,56.82,0.589,2.6866,21.93,75.98,245.3,2.19,61.7,2,1
44.84,44.84,69.11,72.29,52.95,72.29,1.2336,4.6037,26.8,56.27,182.0,4.23,36.6,2,1
63.04,63.04,85.15,94.94,74.44,94.94,4.0015,0.72,300.0,37.23,335.6,3.75,71.8,2,1
20.32,20.32,54.6,61.47,39.15,61.47,1.9991,7.857,25.44,26.95,169.1,7.53,48.4,1,0
42.41,42.41,73.64,76.02,43.44,76.02,0.9507,3.8133,24.93,49.91,225.7,6.32,72.7,0,0
43.86,43.86,78.57,91.06,44.94,91.06,1.2587,0.3465,300.0,66.89,276.1,5.98,56.0,0,1
62.14,62.14,92.56,106.44,76.67,106.44,4.5484,6.4231,70.81,24.85,279.7,6.25,34.5,2,1
50.45,50.45,81.22,111.74,55.7,111.74,2.8186,3.0247,93.19,65.33,304.2,8.94,35.5,0,1
17.39,17.39,77.31,84.3,24.1,84.3,0.8857,1.8177,48.72,37.16,248.2,9.32,61.1,2,1
65.42,65.42,79.8,80.32,78.01,80.32,2.2192,5.7408,38.66,44.23,298.3,6.86,66.7,2,1
53.18,53.18,92.91,113.92,62.46,113.92,2.4733,4.505,54.9,48.84,175.3,7.17,72.0,2,0
19.74,19.74,77.45,111.86,30.96,111.86,1.2727,2.2244,57.22,58.95,345.2,1.02,32.2,1,1
62.51,62.51,70.8,88.42,76.29,88.42,2.1548,6.1333,35.13,39.71,267.2,4.82,80.2,1,0
60.35,60.35,91.42,98.52,71.61,98.52,2.2882,4.9794,45.95,56.44,292.2,3.18,65.3,2,1
75.37,75.37,90.41,122.45,88.72,122.45,2.5004,6.1044,40.96,11.0,185.8,6.07,93.3,1,1
21.9,21.9,31.33,70.36,26.61,70.36,1.1242,1.6178,69.49,49.67,195.2,6.87,36.3,0,0
78.0,78.0,110.84,141.03,84.43,141.03,2.8969,2.0237,143.15,77.29,349.8,6.56,78.7,0,1
40.88,40.88,98.26,134.45,48.81,134.45,2.129,3.3351,63.84,70.79,166.4,2.03,35.0,1,1
55.27,55.27,93.46,118.71,59.4,118.71,2.5434,3.6832,69.05,50.04,187.2,7.37,34.8,0,0
20.02,20.02,68.47,75.5,38.68,75.5,1.2458,7.6349,16.32,28.85,177.5,9.21,70.8,2,0
45.9,45.9,76.44,79.75,62.22,79.75,2.8347,2.2023,128.71,43.32,342.5,5.19,89.6,0,1
18.87,18.87,61.31,64.86,38.59,64.86,1.5804,7.4273,21.28,35.38,269.6,3.11,73.8,2,0
73.53,73.53,80.44,105.6,75.6,105.6,2.6107,2.5643,101.81,1.64,277.9,5.45,73.8,2,1
4.59,4.59,42.11,68.24,15.72,68.24,0.362,1.3013,27.82,64.86,276.5,1.64,72.5,1,0
44.41,44.41,53.1,80.39,46.81,80.39,1.0551,0.7771,135.76,57.05,194.9,8.33,82.6,1,1
42.24,42.24,88.64,94.12,56.73,94.12,2.5809,0.5583,300.0,73.06,248.7,5.1,41.8,2,1
42.34,42.34,54.06,81.67,50.19,81.67,2.0211,0.7374,274.06,75.5,255.6,9.82,53.8,1,1
50.65,50.65,64.71,66.78,59.4,66.78,2.6026,1.0487,248.17,5.68,294.9,2.1,77.6,1,0
56.06,56.06,69.54,83.98,75.04,83.98,4.4086,3.051,144.49,63.12,196.3,3.56,71.9,2,1
64.7,64.7,101.32,113.14,79.18,113.14,1.9031,0.7407,256.95,71.58,322.7,5.23,57.9,0,1
67.98,67.98,116.03,122.56,81.45,122.56,3.0156,3.5882,84.04,65.58,159.6,9.35,55.7,1,0
21.12,21.12,71.2,74.24,35.93,74.24,2.0464,2.3641,86.56,79.66,324.2,3.15,92.8,1,1
8.74,8.74,44.18,72.2,16.82,72.2,0.3551,2.9592,12.0,45.86,341.6,3.25,39.2,2,1
69.06,69.06,74.77,80.86,78.01,80.86,1.7414,1.2516,139.13,58.87,259.9,4.14,60.2,0,1
5.18,5.18,12.1,51.22,10.78,51.22,0.5412,3.9322,13.76,10.17,334.8,8.0,69.8,1,0
68.76,68.76,116.67,116.74,78.52,116.74,4.2279,3.641,116.12,6.9,151.6,7.44,94.2,0,1
64.38,64.38,78.79,88.82,76.52,88.82,2.6835,8.6315,31.09,23.88,348.7,2.17,35.0,1,1
14.43,14.43,51.77,78.15,24.64,78.15,1.1271,2.8145,40.05,46.1,310.7,8.03,73.2,2,0
76.53,76.53,130.04,142.88,76.94,142.88,3.8456,4.9628,77.49,35.07,254.9,1.23,45.9,2,1
58.93,58.93,76.45,94.56,69.55,94.56,3.3203,1.7945,185.02,52.16,167.0,4.05,78.4,0,0
8.61,8.61,15.7,42.0,22.48,42.0,0.9142,8.5173,10.73,14.48,282.2,2.63,63.6,2,0
30.05,30.05,43.03,79.14,34.78,79.14,0.7582,2.2637,33.49,2.81,188.3,6.28,31.1,0,0
3.89,3.89,40.34,67.88,18.51,67.88,0.8814,1.0584,83.28,69.48,161.3,4.69,79.9,0,1
50.37,50.37,53.7,92.37,53.86,92.37,1.9379,1.2879,150.47,0.43,326.9,8.29,89.3,2,0
3.71,3.71,58.28,78.13,12.81,78.13,0.3714,2.4312,15.27,63.53,292.0,7.25,85.2,1,0
37.68,37.68,88.72,127.32,49.58,127.32,2.2598,2.8412,79.54,14.77,192.0,5.75,84.3,1,1
20.33,20.33,62.22,76.63,23.49,76.63,1.0892,1.9989,54.49,7.6,272.5,5.43,62.5,1,0
4.8,4.8,60.35,62.67,13.27,62.67,0.3535,0.3734,94.66,62.89,335.0,0.92,83.4,1,0
66.27,66.27,117.99,125.0,73.34,125.0,3.3633,3.258,103.23,9.81,219.2,2.64,86.3,1,1
3.14,3.14,58.04,81.03,13.21,81.03,0.5517,0.3147,175.3,71.81,315.0,6.73,81.8,1,1
16.17,16.17,58.92,78.98,28.15,78.98,1.45,4.9427,29.34,43.79,213.8,8.66,37.0,2,1
20.22,20.22,39.83,52.04,31.5,52.04,1.7531,5.063,34.63,8.64,190.9,5.57,68.7,2,0
53.16,53.16,55.17,86.94,63.33,86.94,2.5316,0.8321,300.0,54.46,191.0,8.84,48.9,0,1
61.4,61.4,103.76,139.89,65.98,139.89,2.1344,5.2261,40.84,45.84,157.1,8.28,45.7,0,0
79.55,79.55,128.41,147.87,93.15,147.87,2.3636,2.5241,93.64,59.57,239.3,3.69,59.9,1,1
78.12,78.12,79.05,79.45,85.59,79.45,3.5372,6.6996,52.8,14.37,294.6,1.39,94.0,1,1
56.76,56.76,107.19,111.4,59.28,111.4,3.5235,4.0525,86.95,0.95,269.7,6.27,92.3,1,0
27.16,27.16,47.25,58.92,34.09,58.92,1.1673,4.4973,25.96,11.2,239.3,3.44,40.7,0,0
56.9,56.9,69.06,70.53,62.98,70.53,3.7265,1.8646,199.86,31.66,186.2,3.53,77.1,1,1
12.94,12.94,69.05,73.18,25.64,73.18,1.2563,7.6525,16.42,21.24,184.0,3.21,50.3,0,0
74.06,74.06,83.77,118.94,87.06,118.94,4.2696,2.9303,145.71,60.11,172.1,9.99,91.2,2,1
41.82,41.82,74.0,74.6,51.81,74.6,1.7246,3.7187,46.38,52.7,244.3,6.54,57.8,2,1
1.86,1.86,43.28,59.79,18.65,59.79,0.6626,2.8711,23.08,1.11,297.2,9.73,87.4,2,0
5.63,5.63,39.96,76.93,13.55,76.93,0.3284,9.52,3.45,17.65,255.0,9.12,50.2,1,0
44.56,44.56,55.06,83.79,58.84,83.79,1.4881,5.4667,27.22,18.04,341.5,6.73,82.6,2,1
13.0,13.0,42.82,69.5,15.07,69.5,0.8249,1.3057,63.18,50.72,282.1,0.84,93.1,2,1
61.68,61.68,117.88,150.14,74.72,150.14,4.3254,3.05,141.82,26.15,322.1,3.92,54.3,0,1
68.85,68.85,69.48,86.93,87.71,86.93,2.8501,4.4577,63.94,36.04,164.8,2.63,35.9,0,1
0.88,0.88,57.89,62.84,8.54,62.84,0.3362,9.7647,3.44,8.53,319.0,5.79,43.7,0,0
28.97,28.97,31.75,32.07,45.48,32.07,1.8531,4.0371,45.9,11.02,334.2,0.58,33.6,1,0
71.8,71.8,74.45,88.05,78.83,88.05,4.0695,2.8915,140.74,39.01,213.6,7.57,39.5,1,1
43.14,43.14,49.6,87.74,61.26,87.74,1.5847,2.8836,54.96,71.42,250.7,3.52,87.7,2,0
7.11,7.11,51.05,61.78,20.33,61.78,0.5796,5.4322,10.67,48.77,159.8,0.92,35.8,0,0
19.45,19.45,32.61,70.55,21.82,70.55,0.4369,2.7111,16.11,37.72,334.2,1.44,74.4,2,0
61.55,61.55,86.83,106.37,75.58,106.37,2.1332,4.2847,49.79,40.92,201.6,3.91,30.6,1,0
45.2,45.2,87.44,109.93,59.07,109.93,2.8318,0.9526,297.28,4.76,310.6,7.32,73.1,2,0
59.04,59.04,63.48,66.01,66.26,66.01,2.2124,2.6527,83.4,61.01,205.0,7.92,46.2,2,1
28.76,28.76,52.82,64.8,28.83,64.8,0.9381,2.6207,35.8,27.01,307.1,0.95,55.3,2,1
78.57,78.57,133.18,145.82,92.4,145.82,3.3663,1.2654,266.02,71.06,225.2,9.18,84.4,0,1
19.47,19.47,37.52,54.49,28.93,54.49,0.8369,1.5464,54.12,63.24,289.3,8.59,69.2,0,0
59.53,59.53,87.68,89.53,79.21,89.53,2.9726,2.722,109.21,67.53,341.1,2.4,42.0,1,0
39.92,39.92,47.47,59.68,55.0,59.68,1.2348,7.4396,16.6,27.81,283.1,7.53,57.6,0,0
45.84,45.84,82.5,104.46,63.22,104.46,1.5755,4.5447,34.67,40.63,290.6,1.76,31.7,1,0
79.92,79.92,122.66,156.61,86.85,156.61,3.1871,1.4554,218.98,77.94,311.5,5.5,44.6,2,1
18.87,18.87,30.46,45.3,36.64,45.3,1.5473,1.7055,90.72,67.62,151.5,2.29,90.5,1,0
24.81,24.81,67.8,98.68,44.32,98.68,1.5807,0.2858,300.0,76.18,317.6,5.67,66.7,1,1
39.38,39.38,72.99,102.69,48.81,102.69,2.2636,5.1897,43.62,38.82,284.8,7.24,83.5,1,0
54.37,54.37,59.0,67.76,70.21,67.76,4.1775,3.4805,120.02,39.84,197.0,0.69,37.2,0,0
45.24,45.24,60.54,81.41,45.54,81.41,0.9505,4.3227,21.99,49.14,313.4,7.75,50.0,0,0
11.45,11.45,23.05,50.38,30.13,50.38,1.3818,4.0053,34.5,45.43,238.1,1.01,55.8,1,1
12.23,12.23,42.58,65.97,16.43,65.97,0.7699,1.202,64.05,62.56,279.4,3.04,62.9,2,0
41.46,41.46,60.04,98.67,50.89,98.67,2.4941,1.8918,131.84,1.43,184.3,2.28,57.5,1,1
8.92,8.92,56.0,73.03,21.13,73.03,0.6618,0.5205,127.13,50.11,248.9,3.33,94.8,0,1
73.44,73.44,98.7,110.86,81.06,110.86,3.3875,6.0003,56.46,49.5,157.2,8.55,35.4,0,1
71.62,71.62,119.03,126.93,79.06,126.93,2.1331,5.5419,38.49,42.17,229.2,6.45,93.3,0,1
56.4,56.4,71.45,105.94,64.08,105.94,1.9357,1.9994,96.81,37.44,197.2,5.95,79.9,2,1
38.72,38.72,64.74,72.62,56.64,72.62,2.9357,11.2306,26.14,4.14,279.1,2.98,71.3,2,0
79.48,79.48,117.66,127.79,88.48,127.79,4.9564,7.4319,66.69,35.1,323.8,3.77,75.2,2,1
4.18,4.18,14.44,39.1,19.68,39.1,0.4603,4.9662,9.27,46.69,153.5,7.93,65.7,1,0
32.59,32.59,87.74,94.61,33.82,94.61,1.9646,4.2936,45.76,47.56,331.3,7.62,31.2,2,0
76.97,76.97,116.12,120.5,87.16,120.5,2.9447,8.1993,35.91,5.23,293.4,1.99,52.6,1,0
41.48,41.48,98.89,135.91,50.95,135.91,1.5145,1.0545,143.62,61.83,318.6,6.08,55.6,0,0
17.15,17.15,72.84,74.09,32.53,74.09,0.7457,7.612,9.8,31.52,310.9,8.51,51.9,1,1
15.36,15.36,53.1,70.33,18.85,70.33,1.0817,7.5105,14.4,25.97,263.8,5.39,57.5,1,0
61.9,61.9,87.16,97.62,63.63,97.62,2.5688,6.3728,40.31,33.22,243.9,4.6,74.5,1,0
11.11,11.11,45.52,48.05,27.27,48.05,1.4205,5.1134,27.78,34.27,241.0,2.66,60.7,0,0
60.83,60.83,113.29,144.96,69.46,144.96,3.9846,1.6165,246.49,29.87,339.8,7.79,43.3,0,0
11.35,11.35,46.4,61.53,17.39,61.53,0.8889,1.9636,45.27,76.77,247.2,4.69,89.0,1,1
18.97,18.97,22.8,57.0,31.12,57.0,1.8545,2.1428,86.55,23.84,276.9,6.54,34.7,1,1
43.82,43.82,62.39,90.31,60.49,90.31,2.7507,2.1066,130.58,78.16,214.2,5.23,83.1,0,0
35.55,35.55,84.55,90.3,42.27,90.3,2.1292,1.7443,122.06,55.83,241.2,5.04,38.6,0,1
62.23,62.23,75.62,100.55,68.13,100.55,1.6423,1.1403,144.02,14.39,189.2,8.06,49.0,0,1
38.83,38.83,83.84,87.72,47.4,87.72,2.4916,2.1742,114.6,66.48,319.7,7.13,64.5,2,0
38.44,38.44,97.58,132.57,48.65,132.57,2.4838,1.4457,171.81,17.96,172.2,4.96,69.3,1,0
32.62,32.62,41.15,67.94,36.24,67.94,1.5226,1.5458,98.5,78.45,279.1,6.94,84.0,2,1
14.08,14.08,50.96,62.79,24.23,62.79,1.0312,9.2996,11.09,1.41,184.7,3.15,32.3,2,1
57.59,57.59,94.3,125.38,75.52,125.38,3.6533,6.5229,56.01,2.82,346.9,2.95,60.1,0,0
57.71,57.71,80.42,118.06,73.51,118.06,3.7425,0.4501,300.0,65.48,253.3,5.22,84.3,2,1
21.22,21.22,62.08,69.23,34.11,69.23,1.344,2.0109,66.84,67.17,336.0,9.05,42.0,1,0
65.86,65.86,104.01,115.77,70.85,115.77,3.6732,2.0578,178.5,64.06,156.7,3.37,57.5,2,1
70.85,70.85,99.44,129.21,80.54,129.21,2.4465,3.0724,79.63,49.75,200.0,9.9,86.5,1,1
2.42,2.42,12.94,50.45,18.74,50.45,0.4848,1.5194,31.9,77.5,261.8,2.24,49.9,0,0
19.96,19.96,55.63,58.09,30.97,58.09,0.9824,5.7,17.23,23.28,195.8,9.39,55.3,2,0
56.21,56.21,62.3,65.17,71.1,65.17,2.4317,7.0867,34.31,21.2,341.5,1.49,41.9,1,1
55.25,55.25,86.83,111.28,63.92,111.28,2.0783,9.0489,22.97,3.37,286.9,3.63,35.1,1,1
9.76,9.76,53.24,84.25,22.46,84.25,0.642,1.3115,48.95,64.42,331.2,7.21,33.6,2,0
33.64,33.64,70.04,99.02,51.56,99.02,2.4467,1.9827,123.4,50.46,285.0,5.18,55.4,2,1
16.64,16.64,49.39,60.1,17.31,60.1,1.0199,0.6959,146.57,55.6,240.9,1.9,83.2,1,1
18.61,18.61,48.37,61.79,34.2,61.79,1.7337,0.6803,254.83,68.56,322.3,9.0,44.9,0,0
30.19,30.19,33.82,45.48,35.03,45.48,1.6584,6.6481,24.94,37.11,342.4,3.34,79.5,1,0
24.99,24.99,49.17,68.25,29.9,68.25,0.6263,0.7916,79.12,54.2,311.9,9.33,76.2,0,0
52.18,52.18,108.08,146.65,60.71,146.65,1.2168,2.7861,43.67,64.22,255.4,6.7,76.6,1,0
44.63,44.63,99.78,135.62,51.82,135.62,2.5394,1.4155,179.4,63.1,251.1,4.2,38.0,1,1
30.15,30.15,85.28,111.66,48.74,111.66,2.8018,3.9569,70.81,36.37,342.0,9.63,83.2,1,1
75.06,75.06,96.88,127.15,93.52,127.15,3.9469,2.8236,139.79,75.81,248.4,9.88,44.2,1,0
55.14,55.14,87.31,92.6,65.4,92.6,2.3665,5.8946,40.15,48.23,260.2,8.92,89.3,2,0
36.09,36.09,49.28,70.54,47.65,70.54,1.2409,3.6895,33.63,21.77,177.9,7.26,44.4,1,1
20.79,20.79,74.56,98.92,35.09,98.92,1.891,6.133,30.83,14.46,315.6,3.82,79.7,0,1
3.28,3.28,56.04,94.78,18.12,94.78,0.8318,0.8212,101.3,64.59,217.8,8.9,66.8,1,0
23.08,23.08,81.58,104.42,33.42,104.42,1.5856,4.8454,32.72,10.91,236.2,9.38,92.7,2,1
1.63,1.63,51.22,70.96,20.37,70.96,1.2181,4.07,29.93,21.05,256.1,8.7,89.2,2,0
44.23,44.23,95.1,133.68,50.8,133.68,2.2573,7.0417,32.06,22.83,311.0,8.92,59.2,0,0
29.19,29.19,81.51,98.26,35.54,98.26,1.0751,7.5557,14.23,17.25,337.2,1.28,57.0,1,0
22.48,22.48,35.79,49.6,40.45,49.6,1.4345,3.8263,37.49,33.43,342.8,1.61,86.7,1,0
6.63,6.63,37.83,46.95,21.69,46.95,0.6017,3.7105,16.22,54.92,291.7,3.46,94.9,0,0
69.37,69.37,104.73,126.84,74.12,126.84,1.61,5.9239,27.18,29.97,313.2,0.99,73.7,1,1
7.55,7.55,47.58,72.09,24.9,72.09,0.9465,1.0445,90.61,63.98,235.7,3.94,55.1,0,0
34.01,34.01,73.12,93.05,37.32,93.05,1.745,3.224,54.12,35.44,330.2,5.73,74.0,2,0
28.34,28.34,41.71,45.1,44.14,45.1,1.2039,2.821,42.68,22.62,345.0,7.92,90.4,0,1
38.32,38.32,48.56,61.63,44.17,61.63,1.1344,8.7059,13.03,2.05,286.6,1.67,33.1,0,0
11.7,11.7,25.52,55.56,15.71,55.56,0.865,0.3824,226.17,72.47,187.0,3.02,42.3,0,1
74.52,74.52,124.17,147.71,74.69,147.71,3.848,4.4789,85.91,58.22,164.4,7.23,82.3,2,1
34.03,34.03,76.11,112.94,46.03,112.94,2.0604,3.4509,59.71,1.41,322.9,1.13,55.8,2,0
17.65,17.65,38.87,55.2,20.0,55.2,0.9181,4.3516,21.1,47.37,272.2,0.66,41.3,1,1
9.61,9.61,49.7,56.84,11.98,56.84,0.5488,1.654,33.18,40.67,312.4,1.72,70.1,0,0
6.38,6.38,15.73,19.4,24.12,19.4,1.2241,2.9902,40.94,41.87,224.3,6.67,35.0,2,1
23.47,23.47,66.52,93.49,38.41,93.49,0.8518,0.344,247.59,79.51,315.1,7.53,68.5,1,0
59.19,59.19,67.42,99.12,60.76,99.12,3.2122,3.1485,102.02,51.61,242.6,2.75,61.9,1,1
62.44,62.44,76.85,84.85,71.92,84.85,2.4561,1.2701,193.37,18.35,247.5,3.06,66.4,0,1
22.95,22.95,26.67,32.13,34.17,32.13,0.9371,8.1822,11.45,3.97,213.8,3.54,92.3,0,0
10.76,10.76,18.35,34.65,16.88,34.65,0.6765,1.0378,65.19,48.34,165.4,8.7,48.5,0,1
34.73,34.73,48.44,81.84,41.95,81.84,1.6604,1.5639,106.17,44.13,320.0,7.43,86.9,2,1
79.0,79.0,136.55,170.51,94.51,170.51,5.1997,5.8251,89.26,20.78,152.2,2.66,56.2,2,1
14.07,14.07,20.35,29.25,21.04,29.25,0.6293,0.515,122.19,55.4,220.3,3.68,63.3,1,1
55.36,55.36,58.02,91.22,74.6,91.22,2.7245,1.8042,151.01,76.52,233.0,1.51,32.3,2,1
40.61,40.61,53.67,78.18,44.24,78.18,2.1176,3.8699,54.72,15.66,253.3,7.49,33.7,1,0
33.47,33.47,35.89,41.76,42.72,41.76,2.4312,1.5986,152.08,41.5,190.1,1.52,83.6,1,0
24.49,24.49,62.14,99.07,27.92,99.07,1.4665,4.8529,30.22,50.52,184.1,4.62,38.4,0,0
71.85,71.85,89.9,113.78,77.6,113.78,2.9764,6.8835,43.24,15.4,256.7,3.67,46.4,2,0
13.46,13.46,30.99,44.47,22.55,44.47,1.2367,5.7401,21.55,34.24,286.0,8.47,76.6,1,1
45.82,45.82,55.73,62.64,58.1,62.64,2.0277,2.5621,79.14,54.07,252.6,2.29,40.1,0,1
44.43,44.43,101.26,131.24,59.81,131.24,3.4498,2.2943,150.36,65.24,294.3,1.5,72.3,2,1
66.78,66.78,76.31,79.28,84.51,79.28,4.1278,2.3854,173.04,2.81,319.5,5.39,65.1,0,1
60.42,60.42,111.38,124.23,65.89,124.23,2.0588,3.786,54.38,4.05,155.1,7.99,46.6,1,1
76.83,76.83,98.87,102.4,91.82,102.4,2.0321,1.0142,200.37,17.84,329.6,0.55,62.0,2,1
23.18,23.18,75.6,104.98,31.83,104.98,1.6003,1.715,93.31,65.27,229.8,3.74,32.5,0,1
12.23,12.23,63.66,95.58,29.14,95.58,0.7273,3.9368,18.47,49.93,289.8,3.16,63.8,0,1
18.66,18.66,62.85,67.02,19.19,67.02,0.9173,1.1315,81.06,13.62,222.7,0.65,94.2,0,0
41.6,41.6,69.81,94.33,59.31,94.33,1.1948,2.6363,45.32,38.96,322.0,3.41,47.6,1,0
9.84,9.84,25.77,39.9,29.56,39.9,1.265,4.6806,27.03,18.41,231.0,1.02,86.0,1,1
6.07,6.07,49.48,80.32,18.11,80.32,0.4053,7.062,5.74,3.97,295.5,1.5,45.7,0,0
64.59,64.59,115.12,117.1,73.15,117.1,3.4989,7.3185,47.81,29.06,267.8,3.8,48.0,0,1
46.12,46.12,52.81,80.95,54.74,80.95,2.6704,0.75,300.0,76.89,268.6,8.56,65.4,1,1
12.27,12.27,38.19,56.43,26.94,56.43,1.4358,3.0808,46.6,47.45,348.7,3.56,88.6,1,0
17.52,17.52,57.39,79.6,27.42,79.6,0.9682,6.8929,14.05,26.66,323.1,9.74,80.5,2,0
16.74,16.74,42.1,51.57,34.76,51.57,1.0758,5.5849,19.26,33.34,226.1,5.02,76.4,2,0
21.0,21.0,80.61,88.22,23.02,88.22,0.5449,5.4994,9.91,31.45,150.7,1.25,64.0,0,1
68.6,68.6,77.29,90.77,71.53,90.77,3.6821,3.3588,109.63,19.14,219.1,5.21,73.8,0,1
78.28,78.28,97.49,124.33,91.83,124.33,2.3563,5.4382,43.33,18.28,247.4,5.35,80.3,2,1
77.67,77.67,121.34,124.4,85.77,124.4,2.3379,4.0627,57.55,47.22,266.6,3.82,52.0,1,1
45.03,45.03,78.81,87.33,57.02,87.33,1.4727,2.228,66.1,52.4,348.8,7.83,57.1,2,1
57.7,57.7,97.02,125.1,75.48,125.1,2.8425,2.7952,101.69,53.56,277.6,5.01,80.5,1,1
75.63,75.63,106.05,120.63,83.72,120.63,4.8969,1.8253,268.29,69.43,318.8,8.5,42.9,0,1
52.49,52.49,64.65,94.5,56.49,94.5,3.0414,2.9376,103.53,24.54,296.4,5.54,83.3,0,0
16.5,16.5,46.69,51.42,25.04,51.42,0.964,6.2941,15.32,6.39,280.3,6.33,33.5,2,0
67.41,67.41,119.6,131.98,81.79,131.98,1.9455,1.5678,124.09,78.67,259.6,6.13,50.0,1,1
55.4,55.4,97.41,104.65,72.56,104.65,1.7941,1.1765,152.49,77.15,317.3,9.13,83.5,0,1
57.07,57.07,91.83,108.81,76.93,108.81,4.3169,2.8085,153.71,33.05,207.8,1.95,50.1,1,1
49.74,49.74,83.77,110.53,63.16,110.53,2.0205,8.3511,24.19,27.72,266.2,4.58,60.8,2,0
74.83,74.83,78.93,102.53,89.92,102.53,3.1547,0.929,300.0,17.82,251.4,3.75,72.2,1,1
27.64,27.64,49.34,87.28,28.54,87.28,1.3689,3.6732,37.27,46.23,277.7,0.58,71.1,0,1
15.07,15.07,58.04,83.06,28.12,83.06,1.3911,1.364,101.99,53.53,247.9,3.73,40.8,1,1
56.22,56.22,100.62,127.59,69.69,127.59,1.9452,4.5176,43.06,41.47,318.6,9.66,60.3,0,1
38.9,38.9,82.36,108.11,43.64,108.11,2.247,0.9674,232.26,36.27,215.0,7.95,72.6,0,1
14.54,14.54,29.33,32.93,17.07,32.93,0.6427,1.7766,36.18,46.42,203.4,8.68,64.1,2,1
1.26,1.26,56.07,90.37,13.97,90.37,0.5488,4.3887,12.5,36.23,303.8,5.37,41.4,1,0
29.42,29.42,82.96,92.53,35.81,92.53,1.6001,1.9455,82.25,43.66,256.4,9.54,94.7,0,1
29.28,29.28,64.07,78.13,44.97,78.13,0.969,2.3892,40.56,17.33,271.8,7.04,30.2,1,1
3.11,3.11,6.03,30.83,14.94,30.83,0.8664,5.3366,16.23,47.38,212.9,4.28,93.5,1,1
0.93,0.93,30.12,36.25,12.9,36.25,0.3426,9.5214,3.6,2.64,218.5,2.93,54.9,2,0
36.57,36.57,53.39,64.53,50.86,64.53,1.8414,2.7266,67.53,65.03,271.3,8.99,85.3,2,1
78.83,78.83,127.82,159.61,92.19,159.61,4.5781,7.642,59.91,35.33,289.8,7.45,78.8,2,0
59.84,59.84,102.81,136.15,75.61,136.15,3.4341,6.7104,51.18,11.2,327.4,6.61,88.2,0,0
36.4,36.4,50.79,60.63,40.1,60.63,1.4938,7.0433,21.21,11.36,254.7,4.66,85.6,2,1
67.6,67.6,107.2,137.45,70.16,137.45,2.7756,7.8586,35.32,16.62,185.6,7.66,46.0,1,0
57.65,57.65,75.4,96.13,64.29,96.13,3.7054,7.7965,47.53,18.12,214.3,1.49,45.6,0,0
70.88,70.88,101.91,111.25,79.91,111.25,2.5592,2.7047,94.62,14.3,171.7,2.29,91.0,0,0
20.55,20.55,71.97,86.46,23.43,86.46,0.8481,9.3817,9.04,4.77,313.9,6.36,63.7,1,1
13.98,13.98,29.3,38.74,32.14,38.74,1.8711,5.9612,31.39,36.59,160.6,8.99,33.9,1,0
79.92,79.92,134.78,158.17,84.27,158.17,2.7736,2.59,107.09,35.96,154.3,6.73,69.9,2,1
40.92,40.92,52.6,77.62,56.32,77.62,3.0815,2.0034,153.81,25.47,251.1,5.55,77.0,2,1
64.32,64.32,119.69,121.82,66.74,121.82,2.356,4.5041,52.31,48.36,257.8,7.18,62.8,1,1
73.83,73.83,107.3,121.63,92.0,121.63,2.2688,3.1264,72.57,40.73,297.5,7.15,81.6,0,1
13.47,13.47,71.34,74.78,26.45,74.78,0.9154,7.6527,11.96,12.62,158.6,5.79,94.7,1,0
31.4,31.4,85.51,120.58,37.87,120.58,1.919,2.4638,77.89,70.89,275.7,1.95,34.7,1,1
19.04,19.04,36.61,52.29,28.95,52.29,0.7131,3.6529,19.52,30.98,323.1,6.29,39.5,2,0
48.71,48.71,87.42,115.34,50.78,115.34,1.9389,4.2937,45.16,1.39,235.9,7.48,40.9,1,0
30.55,30.55,73.71,76.57,37.41,76.57,1.0463,2.2672,46.15,57.26,339.5,9.98,83.2,2,0
69.7,69.7,100.66,107.72,76.25,107.72,3.1102,2.9799,104.37,69.62,246.1,7.63,83.7,0,1
51.35,51.35,102.8,108.87,59.12,108.87,3.0085,1.092,275.51,32.71,189.4,5.65,32.4,1,1
56.46,56.46,62.7,96.51,70.77,96.51,1.4791,0.4998,295.97,78.46,275.7,2.13,76.8,2,1
37.3,37.3,96.94,108.0,49.55,108.0,1.5631,2.1877,71.45,67.37,261.0,9.53,51.6,1,0
30.45,30.45,48.7,81.08,49.06,81.08,1.7466,3.9797,43.89,49.89,152.5,2.15,39.6,1,0
10.91,10.91,16.05,31.35,15.89,31.35,0.4806,2.3,20.9,11.69,257.4,7.7,85.4,0,1
41.58,41.58,79.58,96.05,48.13,96.05,2.496,4.0972,60.92,11.87,161.1,6.91,86.2,2,0
34.27,34.27,54.87,94.29,48.1,94.29,2.3269,5.2478,44.34,41.27,294.5,1.13,44.5,1,1
48.76,48.76,78.78,115.82,52.21,115.82,2.9295,0.4846,300.0,73.38,286.6,2.84,93.0,0,1
17.83,17.83,48.62,81.52,35.04,81.52,1.6786,4.1746,40.21,41.82,255.6,4.47,35.6,2,0
4.18,4.18,58.46,86.62,4.27,86.62,0.1567,1.7258,9.08,61.07,243.8,4.86,43.1,0,0
40.58,40.58,50.78,52.64,43.44,52.64,1.3526,9.0742,14.91,14.09,177.6,7.49,59.0,1,0
52.53,52.53,54.96,92.98,71.66,92.98,2.0119,2.0081,100.19,50.26,259.5,7.82,91.1,2,0
57.31,57.31,70.58,95.74,70.42,95.74,1.5218,1.8814,80.89,80.0,190.5,1.88,40.0,1,1
53.48,53.48,76.07,88.85,70.16,88.85,3.9689,5.9061,67.2,28.07,249.7,2.29,61.4,1,0
67.5,67.5,99.49,118.2,84.68,118.2,2.0448,4.0724,50.21,33.15,222.5,4.27,41.7,0,1
44.89,44.89,61.03,86.61,58.7,86.61,2.3231,4.0126,57.9,6.99,168.6,5.39,77.2,1,1
75.67,75.67,81.77,116.97,91.67,116.97,2.405,4.9302,48.78,12.23,334.4,2.72,86.8,2,1
17.2,17.2,42.91,80.44,21.97,80.44,0.485,2.2791,21.28,79.54,256.3,2.13,70.4,1,1
73.99,73.99,86.79,108.48,78.68,108.48,2.0583,9.2278,22.31,15.29,152.4,2.23,42.3,0,1
20.36,20.36,67.35,84.24,35.87,84.24,1.2649,2.4963,50.67,45.17,187.5,6.06,78.8,0,0
41.5,41.5,87.32,89.5,42.93,89.5,1.5021,4.2198,35.6,17.88,168.8,6.12,73.7,0,0
74.79,74.79,118.37,139.48,78.93,139.48,3.7361,4.286,87.17,47.34,306.2,9.19,91.7,2,0
72.91,72.91,73.07,98.58,76.48,98.58,3.0077,3.2363,92.94,23.8,152.2,2.74,31.9,2,0
35.88,35.88,51.49,85.62,38.15,85.62,1.5319,5.0162,30.54,57.19,169.3,0.67,65.4,1,1
51.38,51.38,77.3,86.34,60.99,86.34,2.6977,1.3026,207.1,53.36,312.0,4.77,48.1,1,0
42.25,42.25,94.81,103.92,50.28,103.92,2.6309,8.7206,30.17,10.64,220.5,1.69,35.1,2,1
23.04,23.04,30.03,39.91,27.3,39.91,0.7821,7.5006,10.43,17.25,156.5,6.17,74.8,1,1
37.82,37.82,89.43,115.27,39.5,115.27,1.8227,5.2775,34.54,46.75,186.0,4.66,87.2,1,0
20.6,20.6,49.85,82.7,33.47,82.7,1.1925,7.0608,16.89,36.45,196.3,2.57,77.8,1,1
46.15,46.15,48.95,77.12,56.29,77.12,1.1358,4.722,24.05,54.59,191.1,2.95,75.6,0,1
41.03,41.03,60.67,64.82,45.08,64.82,2.5943,3.0225,85.83,44.12,197.9,6.83,39.9,0,1
13.06,13.06,23.88,46.23,20.57,46.23,1.1957,4.6561,25.68,24.71,208.1,5.65,85.5,2,0
44.19,44.19,49.17,71.0,52.82,71.0,1.4782,3.0036,49.22,67.83,166.3,4.21,64.7,0,0
74.93,74.93,99.49,102.79,80.97,102.79,2.4906,6.0949,40.86,20.48,217.9,7.59,91.1,1,0
33.65,33.65,54.76,94.36,42.93,94.36,1.9387,2.2787,85.08,73.1,199.9,6.27,56.1,2,0
37.51,37.51,47.11,54.25,49.58,54.25,1.6448,4.5457,36.18,50.92,161.9,4.97,62.8,1,1
69.7,69.7,116.68,131.31,82.35,131.31,3.038,2.1621,140.51,76.55,279.7,4.23,78.0,2,1
16.33,16.33,61.62,86.86,34.43,86.86,1.6303,1.4316,113.88,67.84,189.1,1.7,75.7,2,0
44.57,44.57,73.18,84.2,64.24,84.2,3.2603,3.3767,96.55,62.25,266.8,9.43,67.9,1,1
58.95,58.95,79.04,108.19,78.0,108.19,3.6399,5.3783,67.68,7.79,151.9,7.98,64.2,1,1
41.31,41.31,60.74,72.0,49.62,72.0,1.6369,9.6696,16.93,10.83,188.5,4.56,38.7,1,0
21.42,21.42,49.75,57.75,36.02,57.75,2.0938,9.4032,22.27,17.74,215.1,5.8,75.6,2,0
5.43,5.43,47.25,63.91,23.26,63.91,0.5964,1.0481,56.9,73.89,271.4,3.42,41.8,1,0
45.83,45.83,104.59,117.23,46.52,117.23,1.7926,2.3256,77.08,9.55,298.9,3.32,39.5,0,0
46.01,46.01,102.04,113.69,56.26,113.69,2.8165,4.4104,63.86,55.34,304.5,5.63,64.8,1,1
30.57,30.57,80.28,89.73,33.69,89.73,1.5673,3.8227,41.0,20.31,196.2,6.74,63.4,2,0
41.74,41.74,85.72,101.65,46.39,101.65,0.9746,3.9228,24.84,7.61,344.6,1.42,38.1,1,0
51.92,51.92,108.02,112.0,56.8,112.0,3.3947,3.9289,86.4,62.45,212.8,9.48,52.3,2,0
13.66,13.66,26.0,49.24,30.54,49.24,1.0299,0.5966,172.64,68.07,231.2,3.73,89.2,0,1
74.29,74.29,122.16,131.52,80.24,131.52,4.2283,3.5112,120.42,32.43,262.9,4.57,76.8,0,1
8.6,8.6,28.16,52.27,11.3,52.27,0.5401,5.5306,9.77,21.57,155.7,4.96,33.4,2,0
61.36,61.36,67.37,96.78,73.05,96.78,2.4423,3.4091,71.64,47.96,292.1,7.91,80.6,0,0
11.85,11.85,41.57,41.68,15.72,41.68,0.3452,2.3888,14.45,69.95,261.7,6.55,90.6,0,0
50.86,50.86,63.8,100.93,69.27,100.93,3.3722,8.7552,38.52,23.44,282.6,0.84,47.3,1,1
76.24,76.24,126.98,138.72,86.84,138.72,1.9627,2.4236,80.98,22.19,278.5,6.74,84.5,1,0
10.78,10.78,33.2,53.82,11.77,53.82,0.2953,2.1335,13.84,21.69,336.8,3.24,62.6,2,0
45.33,45.33,70.02,107.21,49.78,107.21,1.8465,1.7006,108.58,42.83,309.4,0.9,70.2,2,1
19.7,19.7,75.65,100.87,20.46,100.87,0.8736,0.6878,127.01,62.84,263.1,8.86,45.7,2,0
70.59,70.59,86.51,113.76,73.64,113.76,1.8203,0.806,225.85,72.12,154.9,7.86,53.6,1,1
52.03,52.03,70.84,75.01,65.78,75.01,3.7335,1.3819,270.18,69.33,319.8,3.56,45.4,1,1
56.62,56.62,106.25,117.36,59.0,117.36,1.8177,4.1558,43.74,47.22,266.9,8.01,52.8,0,1
76.34,76.34,85.2,120.77,91.65,120.77,1.9143,6.5368,29.28,25.04,251.5,3.21,48.8,0,1
40.3,40.3,90.6,101.94,52.98,101.94,1.4396,1.8566,77.54,73.93,190.9,9.52,36.4,2,1
47.77,47.77,80.85,103.78,57.24,103.78,1.7764,1.8905,93.97,79.38,214.7,3.57,79.6,1,0
35.67,35.67,72.14,105.3,45.95,105.3,1.8673,4.897,38.13,21.36,202.5,8.51,55.3,1,0
73.3,73.3,91.34,101.91,81.43,101.91,2.1162,3.771,56.12,67.62,272.8,8.02,79.9,0,0
46.69,46.69,58.77,61.02,54.08,61.02,2.8745,1.15,249.95,31.6,318.9,0.82,34.5,2,1
6.25,6.25,51.22,75.55,14.14,75.55,0.3022,2.3351,12.94,72.91,275.5,2.57,60.8,2,0
15.23,15.23,63.39,78.57,32.97,78.57,1.3775,1.6088,85.63,67.18,227.1,7.19,81.1,0,1
46.81,46.81,72.34,102.65,54.81,102.65,3.2596,3.0857,105.64,48.43,202.1,2.7,41.5,1,1
31.09,31.09,43.33,78.98,39.95,78.98,0.9716,6.9928,13.89,9.0,163.5,3.99,60.7,0,0
28.09,28.09,35.24,40.37,28.18,40.37,1.2641,2.2081,57.25,74.5,169.2,9.9,93.4,0,0
57.66,57.66,115.35,146.5,70.14,146.5,1.608,1.6802,95.7,78.23,179.9,8.39,39.4,0,1
2.06,2.06,36.03,52.08,13.09,52.08,0.5714,1.0736,53.22,75.32,342.2,3.83,30.1,1,1
4.7,4.7,42.22,68.66,7.61,68.66,0.1572,5.7007,2.76,19.46,323.4,5.17,80.8,2,0
34.2,34.2,51.11,76.12,43.93,76.12,1.1084,6.4448,17.2,28.52,322.5,8.37,52.8,2,0
60.88,60.88,84.29,105.71,62.03,105.71,2.1875,1.0953,199.72,62.54,157.0,2.09,56.8,0,0
68.64,68.64,89.11,121.13,71.18,121.13,1.5732,5.1335,30.65,7.8,162.9,1.5,84.3,2,0
43.04,43.04,80.76,88.14,53.85,88.14,3.0888,1.335,231.37,74.51,189.7,6.39,71.5,0,0
63.93,63.93,84.64,105.22,66.25,105.22,1.8773,10.2528,18.31,8.76,209.7,8.35,75.5,1,0
60.01,60.01,84.24,85.29,79.29,85.29,2.3734,1.5758,150.61,40.84,297.5,7.88,55.8,0,0
33.19,33.19,59.68,95.16,33.88,95.16,1.7992,1.045,172.17,16.46,180.6,3.21,70.9,1,1
37.35,37.35,51.04,90.74,40.62,90.74,1.0222,6.4571,15.83,37.61,173.7,5.25,53.0,0,0
74.3,74.3,84.14,91.48,86.23,91.48,2.0511,3.3815,60.66,14.8,165.3,7.66,48.3,0,0
28.36,28.36,50.85,70.86,45.77,70.86,1.6646,10.1014,16.48,0.8,315.6,0.5,64.7,2,0
31.34,31.34,84.86,106.32,49.42,106.32,1.9639,6.4677,30.36,28.09,228.0,8.37,42.2,0,0
48.94,48.94,79.95,102.13,62.29,102.13,2.6972,6.7997,39.67,17.13,220.9,6.55,65.6,0,0
44.12,44.12,84.47,110.59,59.09,110.59,2.7637,2.9851,92.58,8.83,197.2,1.59,38.5,0,1
12.58,12.58,30.49,67.32,31.85,67.32,0.8139,1.0398,78.27,70.44,302.3,0.62,56.4,0,1
37.19,37.19,79.0,80.86,55.14,80.86,1.6001,4.3157,37.08,13.22,217.8,2.38,63.2,0,0
34.16,34.16,81.06,93.11,46.62,93.11,2.0883,8.9043,23.45,17.72,339.6,5.53,93.5,0,0
0.3,0.3,60.14,69.74,19.76,69.74,1.1597,2.2656,51.19,72.31,263.6,10.0,79.9,0,0
15.54,15.54,16.2,26.48,24.24,26.48,1.1228,2.0658,54.35,41.12,281.2,8.99,92.8,0,0
75.48,75.48,85.97,92.02,81.83,92.02,1.6801,3.3246,50.53,54.52,305.6,2.16,49.3,2,1
60.83,60.83,63.29,71.15,61.28,71.15,2.8421,2.0368,139.54,78.7,268.0,9.13,46.6,2,1
36.09,36.09,63.46,76.22,45.81,76.22,2.5046,4.713,53.14,9.04,290.3,0.89,37.5,0,0
4.72,4.72,14.15,48.07,21.29,48.07,1.0419,4.8865,21.32,49.18,297.7,8.95,77.6,2,0
17.04,17.04,22.11,38.88,18.88,38.88,0.6042,2.8078,21.52,1.91,344.0,4.1,45.7,2,0
53.91,53.91,91.98,93.07,64.14,93.07,3.6835,0.6405,300.0,54.19,331.5,2.45,78.3,0,1
36.07,36.07,49.36,50.33,49.25,50.33,2.6536,4.6055,57.62,19.85,249.1,9.95,81.6,2,0
8.47,8.47,12.38,48.98,11.24,48.98,0.32,2.7158,11.78,48.79,195.1,4.93,53.5,0,0
13.94,13.94,50.34,54.99,17.89,54.99,0.8854,7.991,11.08,18.81,204.6,2.73,49.4,2,0
19.5,19.5,51.7,67.12,35.3,67.12,1.3441,6.8841,19.52,42.13,218.6,9.75,61.4,0,1
34.86,34.86,55.75,82.97,51.44,82.97,1.6488,4.7679,34.58,26.47,215.3,1.62,80.6,0,0
66.8,66.8,91.04,102.83,85.76,102.83,1.9282,0.6987,275.95,70.79,232.7,6.5,54.1,0,1
10.76,10.76,58.53,81.88,20.4,81.88,0.868,0.9611,90.32,39.98,203.1,6.94,35.0,1,1
11.78,11.78,26.51,52.54,26.35,52.54,0.9974,1.4078,70.85,10.13,268.6,4.81,72.1,1,0
13.05,13.05,28.89,34.82,20.93,34.82,0.5433,7.6557,7.1,27.76,254.5,9.92,42.2,2,1
32.11,32.11,69.28,86.58,37.35,86.58,1.8034,5.2538,34.33,7.62,315.8,3.42,66.8,2,1
10.73,10.73,57.65,68.52,27.1,68.52,1.3556,3.5624,38.05,29.51,252.1,2.41,85.3,0,0
33.28,33.28,67.72,92.11,49.99,92.11,1.5231,5.7107,26.67,17.9,170.2,7.49,36.9,0,1
5.97,5.97,18.15,54.53,17.42,54.53,0.977,2.4251,40.29,59.81,202.6,9.06,37.1,1,0
21.3,21.3,27.09,59.24,40.98,59.24,1.277,3.1553,40.47,26.05,181.0,7.98,33.9,0,0
42.36,42.36,101.93,136.04,56.66,136.04,2.933,1.1789,248.8,5.47,225.3,6.85,78.0,2,1
30.94,30.94,83.2,96.44,32.19,96.44,1.3401,5.2607,25.47,54.45,315.8,4.41,94.0,2,0
22.06,22.06,61.62,87.19,32.51,87.19,1.6693,7.2324,23.08,37.78,281.6,5.42,32.7,2,0
9.99,9.99,57.74,76.42,16.47,76.42,0.7392,7.2991,10.13,27.47,273.6,1.0,57.5,0,0
0.91,0.91,59.06,74.87,6.89,74.87,0.3071,6.7904,4.52,38.93,289.2,8.78,38.4,0,1
0.71,0.71,43.2,67.65,11.76,67.65,0.2573,1.9869,12.95,79.4,272.9,7.31,49.9,0,0
68.35,68.35,124.93,128.91,83.39,128.91,2.537,3.3471,75.8,0.54,321.0,1.84,38.5,2,0
11.88,11.88,25.68,57.46,24.34,57.46,0.933,8.6373,10.8,7.82,309.4,3.03,41.0,0,0
76.32,76.32,105.3,129.62,78.74,129.62,4.5099,4.285,105.25,44.43,232.5,7.93,49.8,1,0
50.01,50.01,92.68,127.71,68.51,127.71,2.8789,2.7754,103.73,15.67,349.1,5.16,51.5,0,0
11.91,11.91,13.59,42.48,18.42,42.48,0.6068,1.6844,36.03,40.98,228.6,3.5,30.3,1,0
17.53,17.53,28.95,42.21,20.74,42.21,0.4655,3.8791,12.0,19.46,324.1,3.4,36.2,1,0
4.93,4.93,32.8,70.56,8.11,70.56,0.4798,1.6706,28.72,48.04,227.2,6.66,39.9,1,0
49.06,49.06,54.38,75.38,53.81,75.38,2.9018,3.4154,84.96,59.81,348.5,4.86,73.6,2,0
33.71,33.71,59.77,90.09,50.38,90.09,1.7554,5.8484,30.02,40.85,339.1,6.52,65.3,0,0
57.05,57.05,90.24,125.25,74.24,125.25,3.1972,5.0741,63.01,13.48,274.1,5.47,87.9,2,0
75.15,75.15,100.71,108.41,83.56,108.41,2.5882,3.5165,73.6,41.57,212.5,6.73,70.4,0,1
26.92,26.92,48.01,86.06,34.82,86.06,1.9169,4.4604,42.98,41.83,223.8,4.62,84.8,0,0
78.86,78.86,122.15,122.57,95.65,122.57,2.8165,4.815,58.49,44.88,179.9,6.47,58.6,0,0
51.0,51.0,65.93,91.38,51.97,91.38,2.2989,4.5754,50.25,13.81,213.3,7.83,37.4,0,0
2.88,2.88,21.37,45.74,22.13,45.74,1.0559,0.8743,120.76,56.25,283.9,5.4,92.8,1,0
21.0,21.0,69.38,109.24,39.2,109.24,0.9334,1.4037,66.5,67.69,285.5,3.75,72.8,1,0
3.39,3.39,29.03,62.63,18.15,62.63,0.6331,3.4283,18.47,64.58,251.2,5.33,37.4,1,0
48.88,48.88,93.64,98.39,64.11,98.39,1.9102,0.9821,194.51,70.15,248.4,5.13,47.5,2,1
73.04,73.04,92.04,112.36,90.28,112.36,3.4176,2.0024,170.67,66.5,238.0,1.99,38.1,1,0
10.83,10.83,65.44,79.79,19.34,79.79,0.7927,3.067,25.85,71.7,205.4,2.13,47.7,0,1
15.62,15.62,44.33,58.41,25.69,58.41,1.4384,1.5066,95.48,79.27,289.2,1.96,89.7,2,0
38.32,38.32,48.56,78.74,46.09,78.74,1.9526,3.2927,59.3,31.26,216.7,7.05,72.1,1,1
32.94,32.94,59.9,78.14,40.24,78.14,2.2106,8.3267,26.55,1.11,170.5,10.0,70.8,1,0
26.5,26.5,83.69,113.91,36.64,113.91,1.7111,1.1644,146.95,79.67,252.8,4.28,51.1,0,0
44.28,44.28,79.22,98.32,59.54,98.32,1.9696,1.7721,111.14,68.16,288.5,8.98,80.0,2,1
16.56,16.56,20.05,51.7,32.72,51.7,1.238,0.3027,300.0,75.82,331.1,7.99,88.5,1,1
18.18,18.18,41.55,71.63,21.32,71.63,1.1734,9.3843,12.5,16.42,246.7,8.49,92.3,2,1
18.14,18.14,66.18,98.98,24.04,98.98,0.6443,0.829,77.73,34.5,313.7,2.98,91.3,2,1
21.39,21.39,69.83,97.89,40.94,97.89,2.4536,4.9077,50.0,4.7,317.7,2.6,77.2,2,0
29.03,29.03,51.91,61.69,34.52,61.69,1.3346,4.81,27.75,19.85,265.5,7.26,74.0,2,1
69.79,69.79,128.52,166.91,82.46,166.91,4.2462,6.9529,61.07,35.84,341.1,8.06,57.0,0,0
29.37,29.37,78.6,106.66,34.36,106.66,1.4539,6.1478,23.65,30.35,224.1,5.46,77.4,1,0
55.24,55.24,69.56,88.66,66.9,88.66,2.1536,2.3123,93.14,72.96,319.1,3.46,65.9,2,1
69.03,69.03,117.92,128.98,88.89,128.98,1.9456,7.4158,26.24,34.41,210.7,8.44,91.8,1,1
41.41,41.41,63.99,68.91,43.52,68.91,2.1828,2.2416,97.38,16.47,226.3,4.65,68.9,2,0
51.66,51.66,96.29,125.06,65.46,125.06,2.5176,3.5308,71.31,45.35,229.0,3.07,53.1,2,1
8.64,8.64,29.03,44.08,22.77,44.08,0.5323,4.6321,11.49,0.64,249.4,2.29,62.2,1,1
52.45,52.45,54.31,69.54,68.32,69.54,2.8119,1.0053,279.71,74.0,168.5,2.8,88.9,1,1
61.51,61.51,74.84,90.22,75.45,90.22,3.0054,7.5618,39.74,35.14,194.0,4.33,34.1,2,1
54.68,54.68,71.08,90.12,60.31,90.12,2.7524,3.0384,90.59,43.74,338.1,3.66,68.0,1,0
76.6,76.6,127.45,150.25,91.05,150.25,5.3698,3.2855,163.44,47.78,200.2,8.03,62.9,2,1
63.39,63.39,97.52,131.02,70.71,131.02,3.6859,5.3195,69.29,51.87,204.6,4.74,89.1,2,0
59.51,59.51,110.6,140.18,78.45,140.18,4.2289,3.2441,130.36,49.94,290.3,1.47,53.9,0,0
43.49,43.49,90.14,123.64,48.79,123.64,1.4194,4.3109,32.93,44.57,248.0,5.71,83.1,2,0
67.04,67.04,101.31,114.07,85.46,114.07,3.2033,2.0029,159.93,26.15,297.6,8.44,33.8,1,1
71.57,71.57,125.6,156.7,75.38,156.7,3.311,1.1174,296.33,74.91,257.8,9.2,86.8,1,1
60.6,60.6,118.54,120.5,65.06,120.5,1.5267,5.6841,26.86,41.6,203.6,3.58,50.9,2,0
58.79,58.79,59.61,76.71,65.15,76.71,2.4062,2.457,97.93,76.31,344.6,0.64,51.2,2,1
17.48,17.48,65.22,73.29,21.42,73.29,0.93,1.4407,64.55,75.6,277.0,0.59,33.7,2,0
18.95,18.95,38.68,63.08,30.63,63.08,1.1633,5.4968,21.16,0.34,297.8,2.73,76.0,1,1
0.2,0.2,27.67,44.22,17.03,44.22,0.4787,3.5498,13.48,48.91,165.4,7.08,70.3,0,1
50.48,50.48,82.78,119.34,66.51,119.34,2.4036,2.177,110.41,79.67,293.4,7.04,41.3,2,1
14.41,14.41,59.1,87.01,25.06,87.01,0.6015,1.5104,39.82,44.55,217.9,4.04,87.4,1,0
69.98,69.98,95.53,130.88,72.71,130.88,3.0857,4.6334,66.6,7.58,341.5,6.74,70.7,1,0
21.36,21.36,80.62,97.55,28.79,97.55,1.5077,1.1871,127.01,14.26,246.5,9.57,35.5,0,0
49.69,49.69,81.49,104.62,63.49,104.62,2.437,7.6717,31.77,26.91,277.2,3.49,41.6,2,0
49.49,49.49,54.14,55.5,50.78,55.5,2.6997,1.547,174.52,34.34,218.4,4.56,69.0,2,1
30.9,30.9,51.42,66.95,31.13,66.95,1.6964,2.3446,72.36,78.19,151.1,7.63,67.3,2,0
11.62,11.62,69.47,74.51,20.72,74.51,1.2164,2.4185,50.29,12.02,264.4,2.96,80.5,0,1
74.64,74.64,128.97,154.53,81.49,154.53,2.18,10.0855,21.61,9.8,236.8,3.19,70.0,0,0
33.85,33.85,76.3,80.33,34.82,80.33,1.2639,4.6081,27.43,42.79,216.8,0.99,74.2,2,0
71.48,71.48,115.73,124.51,84.62,124.51,4.1096,2.0737,198.18,15.53,175.2,3.16,88.4,1,0
25.01,25.01,62.95,78.1,38.95,78.1,0.9253,4.8279,19.17,0.11,304.2,1.3,69.0,2,0
33.08,33.08,45.59,82.49,44.4,82.49,1.27,1.345,94.42,75.36,238.5,1.53,38.1,2,1
55.17,55.17,103.48,138.58,56.06,138.58,2.6871,8.3915,32.02,11.77,224.3,7.22,43.9,1,0
13.58,13.58,50.45,63.92,27.66,63.92,1.3612,4.2914,31.72,49.73,308.8,9.16,35.2,1,0
21.09,21.09,37.11,60.0,28.41,60.0,1.3151,4.2618,30.86,48.82,200.5,7.79,73.2,1,0
24.08,24.08,80.24,93.29,24.47,93.29,0.8839,2.492,35.47,2.57,309.4,4.78,84.5,2,1
53.98,53.98,105.15,116.1,63.99,116.1,3.3682,7.3073,46.09,13.48,212.3,1.39,79.8,0,1
71.37,71.37,88.08,113.73,91.35,113.73,5.1527,2.289,225.1,37.83,170.6,9.32,61.7,2,1
61.84,61.84,65.87,90.98,80.32,90.98,3.6812,2.5954,141.84,77.47,276.7,5.75,69.5,2,1
49.55,49.55,68.41,80.46,53.42,80.46,2.4099,2.2424,107.47,77.15,339.1,8.9,44.2,1,0
46.63,46.63,63.59,100.11,58.9,100.11,3.4236,1.052,300.0,78.77,305.7,8.02,93.5,0,0
5.19,5.19,38.43,58.53,5.94,58.53,0.1887,1.9223,9.82,1.75,160.7,4.52,82.8,1,0
67.16,67.16,75.93,88.04,77.5,88.04,3.9761,2.2626,175.73,79.85,295.9,5.51,73.3,1,1
78.77,78.77,137.55,150.47,83.59,150.47,2.4201,2.1575,112.17,38.79,279.7,1.21,36.7,2,1
37.67,37.67,77.06,108.6,43.81,108.6,2.0054,6.9717,28.77,22.89,240.2,9.3,93.8,0,1
10.92,10.92,50.19,58.12,16.46,58.12,0.8042,2.7437,29.31,59.36,323.9,5.81,90.2,2,0
42.52,42.52,86.69,125.73,42.75,125.73,1.3484,3.3389,40.38,27.39,313.5,0.93,53.4,2,0
11.53,11.53,48.18,69.08,31.16,69.08,0.8555,1.9489,43.9,78.89,302.3,5.74,76.3,2,1
67.06,67.06,115.95,122.45,79.97,122.45,2.614,5.0488,51.78,44.61,326.2,6.6,76.8,1,0
11.61,11.61,66.96,78.39,28.34,78.39,1.2449,5.1865,24.0,52.1,171.8,4.64,69.8,2,1
26.58,26.58,47.56,57.62,39.5,57.62,1.5997,2.2809,70.14,63.23,153.1,5.09,33.6,0,1
17.36,17.36,44.95,52.76,28.14,52.76,0.6623,1.444,45.87,76.2,265.3,7.34,38.3,2,0
31.52,31.52,86.75,95.76,43.19,95.76,2.4474,2.8472,85.96,69.78,167.0,7.4,43.3,1,0
14.51,14.51,64.48,82.95,25.39,82.95,1.1053,5.5471,19.93,52.53,153.4,2.39,31.7,2,1
55.18,55.18,65.94,90.01,73.52,90.01,1.6045,1.4348,111.83,52.73,256.2,7.54,32.2,0,0
18.04,18.04,61.41,85.9,21.31,85.9,0.5217,5.2602,9.92,42.57,339.9,5.17,78.4,2,0
53.91,53.91,70.35,100.2,64.01,100.2,2.8592,1.7911,159.63,62.95,251.5,7.84,65.4,0,0
28.66,28.66,56.55,94.84,46.56,94.84,1.6099,2.4221,66.47,21.94,326.0,9.31,82.2,0,0
33.82,33.82,56.48,77.89,45.04,77.89,2.3484,2.9101,80.7,16.36,165.2,5.19,42.5,0,1
56.68,56.68,84.04,96.02,73.31,96.02,2.1943,0.7521,291.78,61.31,333.6,0.55,66.2,2,0
8.97,8.97,33.91,68.46,26.75,68.46,1.3523,3.5885,37.68,44.64,305.9,8.94,84.9,1,0
38.66,38.66,45.74,78.6,50.69,78.6,1.5879,0.7511,211.43,54.15,163.9,6.26,77.6,2,1
0.53,0.53,56.11,66.81,17.95,66.81,0.6831,1.0451,65.36,7.78,301.7,9.45,63.9,1,0
46.7,46.7,69.5,105.86,56.3,105.86,1.3473,3.0279,44.5,67.86,238.2,8.99,57.6,2,1
71.57,71.57,95.39,119.11,78.13,119.11,1.7665,6.5303,27.05,3.94,232.9,3.68,70.0,1,0
16.77,16.77,43.2,53.07,19.52,53.07,0.9255,3.0665,30.18,59.51,205.2,8.62,69.8,2,0
37.98,37.98,52.25,79.77,44.15,79.77,1.1077,2.3471,47.19,12.13,238.0,0.53,65.3,1,0
74.83,74.83,126.98,150.03,83.2,150.03,3.293,2.2702,145.05,73.85,169.9,7.78,30.7,0,1
62.54,62.54,103.91,126.38,78.95,126.38,4.7252,6.5713,71.91,36.6,221.5,2.13,85.0,2,0
4.89,4.89,11.56,13.17,16.93,13.17,0.4001,6.8807,5.81,32.21,224.7,3.81,71.8,2,0
51.4,51.4,66.93,83.22,63.68,83.22,1.8405,5.2975,34.74,2.47,305.2,2.86,83.2,1,0
61.64,61.64,84.64,94.18,63.74,94.18,3.3386,5.2364,63.76,37.6,241.5,4.44,49.4,0,1
72.17,72.17,73.78,94.67,73.34,94.67,3.1269,7.9555,39.3,16.92,333.3,6.67,41.6,0,0
1.05,1.05,30.26,62.76,9.65,62.76,0.3695,4.0695,9.08,56.44,214.7,7.4,54.0,2,1
22.67,22.67,36.77,42.11,23.77,42.11,1.1694,6.7007,17.45,42.94,304.6,3.85,81.9,0,1
56.94,56.94,82.87,116.53,58.72,116.53,2.5036,6.5688,38.11,28.96,328.6,6.25,31.7,1,1
68.91,68.91,118.43,152.88,75.8,152.88,4.2761,1.9988,213.93,67.84,179.4,2.22,52.5,2,1
46.42,46.42,53.22,65.37,63.56,65.37,2.0392,4.4264,46.07,8.22,311.3,5.19,41.2,2,0
35.33,35.33,44.51,56.69,51.62,56.69,2.8777,6.2868,45.77,34.84,226.1,8.71,32.1,0,1
72.1,72.1,117.49,144.28,88.41,144.28,3.4172,6.9969,48.84,20.34,282.1,6.08,87.5,2,0
67.68,67.68,68.21,102.97,68.8,102.97,2.4976,1.9102,130.75,64.01,314.5,1.45,63.3,1,0
7.49,7.49,27.81,54.18,27.09,54.18,1.1022,3.3349,33.05,67.72,262.9,8.66,86.5,0,1
9.1,9.1,26.66,65.71,20.0,65.71,0.9165,1.7575,52.15,40.24,315.6,8.22,33.2,2,0
71.05,71.05,81.49,106.48,82.46,106.48,4.0097,4.3287,92.63,45.07,275.2,1.36,53.8,1,0
25.43,25.43,75.15,81.02,40.82,81.02,1.3397,1.7432,76.85,42.24,277.5,2.52,81.7,1,0
56.94,56.94,93.39,126.55,61.34,126.55,3.0515,5.474,55.75,31.23,154.9,4.56,72.4,0,1
67.98,67.98,80.39,95.08,87.79,95.08,3.618,10.741,33.68,2.72,163.1,9.28,58.7,1,0
45.51,45.51,54.21,86.16,55.33,86.16,1.5164,2.3671,64.06,67.26,185.0,4.5,81.1,2,1
44.94,44.94,78.8,81.05,49.94,81.05,2.1183,6.2383,33.96,32.98,339.0,0.94,59.2,0,0
76.06,76.06,133.75,146.21,95.0,146.21,5.0764,0.2986,300.0,78.47,192.9,6.2,81.9,0,1
11.77,11.77,18.86,28.85,26.59,28.85,0.7398,2.9899,24.74,40.59,188.8,6.68,37.0,0,0
53.7,53.7,76.61,110.45,54.81,110.45,1.1895,8.4994,14.0,21.49,262.5,2.63,59.8,0,0
78.23,78.23,106.05,107.63,94.62,107.63,2.1573,2.95,73.13,14.1,215.6,3.6,49.7,2,0
75.02,75.02,80.66,86.68,86.82,86.68,3.9053,1.4627,266.99,29.66,306.1,2.57,73.4,0,1
60.01,60.01,105.13,114.7,72.43,114.7,2.7576,6.5767,41.93,21.95,237.2,7.85,30.0,1,0
51.75,51.75,92.57,112.61,62.59,112.61,3.1172,3.3463,93.15,25.07,176.3,7.83,72.6,2,1
3.12,3.12,57.87,84.89,15.58,84.89,0.6878,6.9989,9.83,22.75,310.2,1.36,92.3,2,1
64.67,64.67,82.33,105.59,67.07,105.59,3.667,8.1533,44.98,12.29,198.1,2.02,34.6,1,1
13.58,13.58,31.92,69.57,23.31,69.57,0.4838,3.3422,14.48,13.63,223.0,1.55,31.8,2,0
60.07,60.07,64.09,91.24,72.48,91.24,3.7523,9.1267,41.11,14.72,323.0,9.78,82.6,2,1
16.99,16.99,26.9,64.35,20.1,64.35,0.9839,6.4526,15.25,32.42,168.4,7.39,63.3,0,0
8.75,8.75,20.52,23.66,28.35,23.66,1.4853,1.9736,75.26,16.07,199.4,2.61,73.7,1,1
23.06,23.06,58.93,93.59,30.35,93.59,1.2662,6.0735,20.85,33.27,296.7,1.08,59.6,1,0
48.62,48.62,68.24,71.29,67.14,71.29,1.6141,3.4814,46.36,22.03,265.5,3.02,84.8,1,1
18.55,18.55,19.47,44.24,22.65,44.24,0.6424,5.898,10.89,45.87,345.8,5.69,40.8,2,1
33.94,33.94,59.46,77.9,39.54,77.9,2.205,1.4923,147.76,46.31,297.1,1.41,56.1,2,1
23.22,23.22,73.65,92.75,36.6,92.75,2.0458,4.8654,42.05,54.62,311.6,5.89,49.3,0,1
4.31,4.31,60.8,73.88,19.09,73.88,0.4096,1.099,37.27,76.26,220.7,8.74,47.8,0,1
8.46,8.46,43.27,52.21,12.76,52.21,0.4951,6.9995,7.07,9.91,201.2,8.61,66.0,0,1
65.83,65.83,81.75,120.19,71.19,120.19,1.893,2.9163,64.91,30.88,287.4,5.79,88.1,1,0
11.69,11.69,68.46,97.16,27.61,97.16,0.7076,7.4358,9.52,19.43,235.9,8.38,51.5,0,0
16.01,16.01,48.58,49.17,26.18,49.17,1.2796,1.5758,81.2,70.43,157.2,8.0,81.4,2,0
17.51,17.51,40.4,54.4,27.61,54.4,0.8978,5.8319,15.39,49.25,338.3,7.15,47.3,1,0
41.3,41.3,70.05,107.0,46.61,107.0,2.5852,2.2019,117.41,52.81,173.0,2.49,91.6,2,1
37.56,37.56,77.99,100.43,53.09,100.43,1.185,0.5502,215.37,65.52,326.2,0.91,38.3,2,1
32.14,32.14,71.47,107.17,42.63,107.17,2.218,5.1057,43.44,25.54,172.1,3.36,36.3,0,0
8.05,8.05,57.6,62.34,20.21,62.34,0.9762,1.3784,70.82,71.71,161.9,9.01,56.9,0,1
57.44,57.44,75.63,89.7,60.56,89.7,2.2206,1.7651,125.81,76.55,349.2,2.18,81.7,1,1
26.12,26.12,31.26,55.33,46.09,55.33,1.417,4.4546,31.81,13.04,264.2,5.91,44.9,2,0
49.84,49.84,75.39,80.47,62.53,80.47,3.2466,5.4454,59.62,35.2,251.9,3.21,92.0,0,1
62.04,62.04,68.44,89.21,62.74,89.21,2.1788,1.8952,114.97,74.66,251.7,2.66,65.2,2,1
44.28,44.28,65.56,95.47,58.32,95.47,2.5644,6.0612,42.31,30.22,280.2,6.97,67.4,1,0
77.0,77.0,80.64,116.76,89.25,116.76,4.7158,6.0866,77.48,45.2,294.3,5.49,53.6,2,1
76.14,76.14,92.67,122.74,86.31,122.74,1.8884,0.91,207.51,79.29,266.4,4.88,35.0,0,1
64.08,64.08,101.59,105.62,69.82,105.62,2.8848,0.908,300.0,63.81,150.6,5.66,61.4,0,1
2.83,2.83,23.8,51.34,16.17,51.34,0.765,3.359,22.78,17.29,155.4,5.79,57.6,2,0
45.15,45.15,54.08,70.31,55.35,70.31,2.7684,0.6898,300.0,48.86,341.2,2.43,43.6,0,0
32.55,32.55,50.66,80.3,33.31,80.3,1.4987,4.5026,33.29,36.02,296.2,3.59,71.4,1,1
60.37,60.37,115.67,144.48,65.26,144.48,1.3988,3.9606,35.32,30.95,232.1,3.78,30.3,1,0
40.08,40.08,87.16,111.34,43.46,111.34,2.3553,3.0727,76.65,60.61,213.7,0.82,69.5,1,0
61.85,61.85,119.91,143.29,79.94,143.29,4.1547,6.8888,60.31,14.54,288.7,9.79,45.8,0,0
5.03,5.03,43.02,64.44,8.41,64.44,0.1733,0.9909,17.49,64.82,299.4,7.46,72.2,0,1
10.06,10.06,26.9,64.78,16.09,64.78,0.3772,0.8424,44.78,77.87,182.1,4.66,81.2,1,1
78.09,78.09,79.1,103.89,80.42,103.89,2.5832,2.7728,93.16,74.82,315.5,6.49,36.5,1,1
0.09,0.09,58.7,75.26,8.71,75.26,0.2794,4.5651,6.12,48.35,170.0,8.36,61.4,1,1
1.42,1.42,52.98,83.05,20.35,83.05,0.9456,2.6488,35.7,25.79,335.2,9.93,57.1,0,0
66.99,66.99,114.91,128.74,86.25,128.74,3.6386,1.4055,258.88,39.52,257.3,7.7,69.6,1,1
42.58,42.58,84.25,104.82,49.69,104.82,1.982,0.5801,300.0,62.87,257.8,4.96,47.2,1,1
21.75,21.75,39.66,79.4,29.47,79.4,0.9314,4.5716,20.37,30.92,151.2,8.62,60.8,0,1
0.23,0.23,40.73,45.47,9.39,45.47,0.5592,9.7246,5.75,5.72,266.2,4.25,31.3,0,0
17.23,17.23,46.65,47.16,37.21,47.16,1.9125,2.8656,66.74,38.42,292.6,8.94,91.2,1,0
54.95,54.95,57.65,86.32,55.04,86.32,2.3459,4.7035,49.88,57.45,235.8,9.89,77.9,2,0
4.37,4.37,16.28,42.49,16.85,42.49,0.3998,1.0142,39.42,77.84,305.3,5.07,57.2,2,1
61.73,61.73,80.86,101.54,73.85,101.54,2.7596,2.5601,107.79,49.25,325.6,7.33,37.2,1,0
48.27,48.27,49.92,79.3,50.88,79.3,2.4328,2.5702,94.65,75.87,256.6,6.22,57.9,2,0
26.33,26.33,45.11,52.76,46.18,52.76,1.404,8.1903,17.14,27.95,311.1,4.51,92.9,0,0
56.17,56.17,115.41,130.34,73.8,130.34,3.4055,1.2238,278.26,77.71,169.3,5.05,33.2,2,0
18.58,18.58,75.61,79.61,31.87,79.61,1.7836,5.5402,32.19,52.33,348.2,6.6,80.8,0,0
65.93,65.93,106.59,131.17,84.57,131.17,2.0322,0.4685,300.0,76.31,219.4,6.49,52.2,0,0
66.28,66.28,77.04,84.32,67.33,84.32,2.2045,5.6953,38.71,11.0,318.1,9.51,83.4,1,0
30.06,30.06,55.73,93.45,42.73,93.45,2.4818,1.916,129.53,51.42,161.8,8.25,44.1,0,0
0.15,0.15,44.61,48.1,12.51,48.1,0.6617,2.4255,27.28,69.02,287.0,4.12,40.8,0,0
76.44,76.44,95.31,95.4,94.48,95.4,2.4665,3.0386,81.17,58.64,230.9,6.63,46.3,1,1
16.73,16.73,17.43,28.7,21.66,28.7,0.5874,5.1201,11.47,45.58,263.6,2.64,57.7,0,0
22.52,22.52,29.99,60.11,33.88,60.11,1.1495,1.7264,66.59,78.01,310.1,5.81,45.3,2,1
23.81,23.81,65.54,93.57,32.92,93.57,1.2754,3.4416,37.06,50.12,325.5,1.22,93.7,1,1
6.8,6.8,22.53,28.69,21.27,28.69,0.8168,6.9882,11.69,5.16,191.7,9.69,37.0,0,0
46.25,46.25,103.64,117.29,61.22,117.29,2.1199,2.7916,75.94,52.86,195.4,1.29,36.6,2,1
42.33,42.33,85.19,99.29,51.13,99.29,2.0991,7.2823,28.83,18.2,192.0,0.53,74.9,2,0
14.48,14.48,58.86,96.77,27.37,96.77,1.4252,2.3705,60.12,79.56,349.9,6.45,62.3,0,0
24.22,24.22,39.86,74.07,28.88,74.07,0.6656,2.5414,26.19,41.5,342.2,5.17,42.4,2,1
50.72,50.72,78.6,91.86,68.73,91.86,2.6009,4.0416,64.35,57.45,346.2,7.25,57.5,2,0
61.36,61.36,86.78,107.07,65.19,107.07,2.2098,5.3153,41.57,29.59,339.6,2.07,83.9,2,0
3.24,3.24,28.99,47.17,9.64,47.17,0.2214,5.1119,4.33,38.83,219.6,1.47,34.1,2,0
68.91,68.91,114.3,135.72,75.16,135.72,2.3743,0.5131,300.0,51.77,200.0,9.76,41.3,0,0
24.48,24.48,48.09,51.32,32.56,51.32,1.2684,5.2015,24.38,55.52,211.5,3.98,69.7,1,1
69.56,69.56,123.65,157.31,80.17,157.31,1.6783,2.5056,66.98,74.11,232.4,2.44,94.8,0,0
23.67,23.67,80.8,81.97,27.43,81.97,1.5182,2.8464,53.34,63.44,210.1,4.21,59.6,1,0
15.94,15.94,40.49,68.92,33.36,68.92,1.9266,2.9039,66.35,13.81,260.2,3.97,43.0,0,0
17.43,17.43,22.91,30.88,22.39,30.88,0.5523,1.8137,30.45,18.37,225.5,5.12,59.6,0,1
72.65,72.65,130.24,137.48,77.56,137.48,1.8169,6.976,26.05,11.27,164.7,6.26,82.3,2,0
63.35,63.35,68.0,84.29,64.72,84.29,3.0715,4.4906,68.4,59.42,286.5,3.21,90.7,1,0
3.77,3.77,5.47,10.99,15.68,10.99,0.4237,2.359,17.96,75.88,205.1,1.01,94.3,2,0
46.05,46.05,79.78,89.95,49.75,89.95,2.1046,3.4231,61.48,19.77,211.6,7.42,66.9,0,0
50.82,50.82,50.82,80.3,60.87,80.3,2.9388,3.2883,89.37,0.12,282.5,6.82,58.4,1,1
19.11,19.11,50.24,70.82,35.58,70.82,2.1128,3.756,56.25,34.89,328.9,2.8,89.2,2,0
34.05,34.05,93.08,96.97,50.84,96.97,2.954,5.8701,50.32,8.88,259.8,8.87,86.5,0,0
26.95,26.95,59.05,61.92,34.73,61.92,1.669,8.5809,19.45,13.86,242.1,1.17,41.5,1,0
65.84,65.84,114.24,117.45,83.61,117.45,4.8503,11.1491,43.5,3.48,205.9,6.82,41.4,0,1
78.27,78.27,137.82,140.85,91.43,140.85,2.3727,3.6013,65.88,10.05,337.3,6.99,33.3,1,0
37.67,37.67,81.26,108.31,46.93,108.31,1.8784,6.4069,29.32,3.46,218.0,3.21,47.5,2,0
34.06,34.06,43.62,82.09,38.54,82.09,1.8549,4.6353,40.02,15.22,237.2,4.43,86.9,2,0
76.79,76.79,134.18,162.37,92.0,162.37,2.1427,2.4889,86.09,77.14,349.5,7.18,68.5,2,1
64.34,64.34,103.6,111.63,76.54,111.63,3.3169,1.5381,215.65,39.75,277.1,1.88,36.2,0,0
62.33,62.33,107.07,120.28,64.56,120.28,1.5509,6.4794,23.94,40.07,257.0,6.92,50.8,0,0
3.21,3.21,29.18,62.17,23.18,62.17,0.9208,4.9916,18.45,1.61,205.3,8.98,76.2,1,0
41.74,41.74,97.11,105.11,48.0,105.11,1.5704,6.7725,23.19,36.95,157.5,4.48,62.5,1,0
29.53,29.53,68.08,103.73,42.52,103.73,1.1314,2.8093,40.27,65.35,210.2,0.98,52.7,0,1
6.86,6.86,34.44,48.5,10.89,48.5,0.4315,2.4416,17.67,52.1,318.9,9.1,61.3,2,0
22.11,22.11,47.11,70.42,33.03,70.42,1.0272,2.0511,50.08,71.7,313.4,5.8,61.9,0,0
61.08,61.08,89.68,95.84,76.28,95.84,3.1409,1.9964,157.33,75.94,280.9,5.05,74.3,0,1
78.93,78.93,122.16,146.5,88.56,146.5,2.9265,7.9306,36.9,10.14,174.9,1.7,31.4,0,1
72.35,72.35,82.47,110.82,81.56,110.82,2.8673,6.8036,42.14,38.75,208.9,9.08,44.7,2,1
51.47,51.47,78.54,82.72,53.99,82.72,2.654,1.5841,167.55,61.33,191.0,5.02,36.3,2,0
70.86,70.86,91.13,101.31,88.79,101.31,2.8919,2.4824,116.5,4.75,302.1,7.09,94.2,2,1
30.26,30.26,77.19,85.76,49.21,85.76,2.6127,2.4792,105.38,62.65,245.8,7.54,53.7,2,1
17.45,17.45,75.67,113.54,29.85,113.54,1.0453,7.0672,14.79,40.22,242.1,0.94,65.7,2,0
20.45,20.45,63.72,95.46,40.17,95.46,1.0798,1.2373,87.27,67.32,176.2,7.43,59.0,2,1
43.9,43.9,50.82,61.97,47.23,61.97,1.1727,1.7522,66.93,61.24,272.4,6.06,65.0,2,1
68.14,68.14,77.87,110.43,69.37,110.43,1.9358,3.7242,51.98,40.92,167.9,1.21,32.4,2,0
71.92,71.92,89.46,96.04,80.11,96.04,1.9493,7.2757,26.79,31.99,346.9,5.25,52.3,1,1
39.74,39.74,58.15,77.45,44.13,77.45,1.9809,5.1115,38.75,18.35,302.0,9.71,84.8,1,0
20.61,20.61,21.47,51.66,27.76,51.66,1.6405,1.0241,160.19,40.71,285.7,2.01,63.4,0,1
51.03,51.03,94.31,122.47,54.03,122.47,1.1925,8.1492,14.63,25.78,166.6,4.85,32.6,0,0
64.8,64.8,123.67,124.89,79.3,124.89,3.189,4.3441,73.41,63.77,327.0,7.23,49.0,2,1
29.84,29.84,49.61,56.72,46.74,56.72,1.3793,6.4345,21.44,26.51,175.6,1.57,70.7,0,0
2.06,2.06,53.38,68.09,8.92,68.09,0.3065,1.0871,28.2,52.83,314.6,6.49,87.2,0,0
55.72,55.72,83.48,111.03,69.0,111.03,2.1034,0.4736,300.0,55.89,258.4,1.56,31.5,2,1
10.59,10.59,44.14,60.15,30.21,60.15,1.1077,8.7337,12.68,11.74,236.2,3.94,62.2,0,0
28.57,28.57,70.87,82.45,45.28,82.45,2.3267,8.871,26.23,23.58,312.7,5.16,35.7,2,0
50.13,50.13,76.35,79.85,69.81,79.85,3.2593,2.1824,149.35,40.88,173.0,7.52,72.1,2,1
76.38,76.38,131.04,135.52,83.76,135.52,4.4109,1.7648,249.94,73.6,227.3,8.92,54.6,0,1
49.79,49.79,74.37,106.2,68.88,106.2,3.3735,2.3522,143.42,40.8,181.7,8.06,67.9,0,0
34.14,34.14,44.73,52.55,49.85,52.55,1.1541,7.8757,14.65,30.26,170.2,6.72,54.1,2,0
51.48,51.48,83.95,90.52,61.31,90.52,1.4976,3.4181,43.81,43.66,180.7,5.54,47.9,1,0
17.66,17.66,57.04,72.8,20.81,72.8,1.178,6.4784,18.18,34.54,188.7,8.83,83.0,2,1
39.64,39.64,63.05,100.81,53.65,100.81,2.8268,3.7549,75.28,67.7,295.1,6.64,87.6,0,1
46.61,46.61,52.78,90.75,59.54,90.75,2.4191,5.9866,40.41,15.83,218.5,6.92,69.3,0,0
36.94,36.94,88.01,123.79,52.12,123.79,2.9716,4.3784,67.87,3.05,348.4,1.71,74.6,1,0
79.85,79.85,135.84,175.15,82.73,175.15,3.8886,1.8168,214.04,71.66,236.9,5.41,32.5,1,1
12.8,12.8,43.88,66.32,19.66,66.32,0.5844,0.5296,110.34,59.49,278.9,5.81,58.0,1,0
45.78,45.78,79.23,96.67,54.38,96.67,2.0426,4.0858,49.99,36.17,192.1,7.39,38.6,2,0
28.92,28.92,84.71,122.15,45.84,122.15,2.1083,1.9178,109.93,73.53,325.0,2.02,88.8,2,1
79.83,79.83,121.04,157.37,79.94,157.37,1.6427,3.0424,53.99,57.0,302.5,6.69,47.9,0,1
69.3,69.3,98.43,118.72,77.34,118.72,2.4899,1.4477,172.0,69.83,230.6,3.35,72.7,2,1
20.38,20.38,26.63,33.03,28.52,33.03,0.6311,5.4033,11.68,43.33,275.0,8.06,55.6,0,0
65.25,65.25,113.5,149.02,67.04,149.02,2.6151,0.6595,300.0,69.82,228.5,5.95,33.8,0,0
54.06,54.06,81.93,120.36,67.83,120.36,1.5185,0.7547,201.22,53.6,211.4,6.35,44.0,2,1
42.64,42.64,58.31,85.76,60.55,85.76,1.5891,0.7242,219.44,62.91,215.9,3.89,43.4,0,1
63.49,63.49,123.3,160.68,72.18,160.68,2.9783,2.4461,121.76,0.86,322.1,3.05,42.9,0,1
57.82,57.82,85.57,100.49,66.64,100.49,2.4835,3.7476,66.27,60.35,203.5,1.82,30.1,1,0
55.2,55.2,104.27,133.75,69.66,133.75,2.1423,2.7447,78.05,77.01,179.0,1.96,88.2,2,1
49.08,49.08,84.82,116.28,60.51,116.28,3.2892,9.66,34.05,6.77,268.0,2.62,93.6,0,1
72.93,72.93,95.86,104.97,76.59,104.97,4.5368,3.594,126.23,66.13,319.7,6.51,39.2,0,1
13.86,13.86,68.79,96.14,20.11,96.14,0.9919,5.5983,17.72,47.89,227.1,4.24,30.8,0,0
77.51,77.51,131.04,134.52,97.12,134.52,4.8517,2.5573,189.72,3.29,331.2,9.52,83.6,0,1
46.56,46.56,75.79,80.16,55.85,80.16,2.0425,3.0529,66.9,57.84,213.7,6.82,74.5,0,1
75.66,75.66,120.97,129.02,86.97,129.02,2.4061,6.784,35.47,10.08,341.3,5.33,42.4,2,0
23.8,23.8,27.27,33.87,43.26,33.87,0.9025,2.634,34.26,66.49,303.1,5.11,73.2,2,0
2.85,2.85,5.58,37.54,5.34,37.54,0.1635,0.3116,52.47,73.0,266.5,8.47,78.5,1,0
28.01,28.01,73.22,111.78,30.95,111.78,1.1816,1.0707,110.35,58.78,309.0,1.84,32.6,0,1
7.58,7.58,59.44,74.86,7.92,74.86,0.3781,5.1356,7.36,22.31,207.6,5.08,43.0,1,0
35.91,35.91,94.87,100.56,52.08,100.56,1.6509,2.1388,77.19,70.46,209.2,3.6,31.1,2,0
19.92,19.92,21.11,32.25,28.08,32.25,1.4496,6.6403,21.83,5.49,315.1,2.53,81.9,1,1
71.35,71.35,93.86,113.38,77.08,113.38,1.8274,3.0312,60.28,54.55,334.0,7.33,36.3,1,1
25.05,25.05,56.34,90.74,44.41,90.74,2.4165,1.9623,123.15,52.04,347.6,1.17,62.7,2,1
46.74,46.74,78.33,107.64,48.05,107.64,2.545,7.4559,34.13,22.65,233.9,0.91,92.7,2,1
21.6,21.6,56.94,96.43,27.41,96.43,1.32,8.4097,15.7,26.43,226.3,1.31,90.9,0,0
21.36,21.36,76.61,102.95,25.15,102.95,1.3824,6.4288,21.5,14.43,160.0,5.53,34.1,0,1
66.49,66.49,88.79,98.27,68.91,98.27,3.1113,9.9214,31.36,6.49,223.5,9.96,63.1,0,1
46.69,46.69,94.46,119.85,55.24,119.85,2.652,0.6943,300.0,57.42,173.3,2.69,77.6,1,1
57.44,57.44,78.64,88.97,64.9,88.97,3.229,2.5468,126.79,48.56,322.4,0.78,77.2,1,1
44.09,44.09,77.01,90.07,63.5,90.07,2.9064,1.9387,149.92,10.91,252.9,3.01,49.8,0,0
45.56,45.56,60.25,75.99,63.7,75.99,2.9404,10.1606,28.94,5.53,180.6,2.5,86.2,0,1
58.28,58.28,104.82,136.49,68.42,136.49,2.7506,9.5861,28.69,16.03,213.7,8.31,35.4,2,0
24.99,24.99,39.42,49.92,39.26,49.92,1.6421,2.8162,58.31,32.21,338.2,8.05,42.0,1,0
41.35,41.35,45.54,74.0,51.72,74.0,1.5124,4.3725,34.59,0.8,271.1,1.57,72.6,2,1
6.56,6.56,14.94,29.26,22.83,29.26,1.3646,2.4385,55.96,69.43,190.5,7.1,60.3,0,0
54.1,54.1,91.35,104.09,56.47,104.09,2.3914,3.0067,79.54,59.15,150.7,3.18,80.6,1,1
34.99,34.99,74.12,79.12,47.41,79.12,1.5881,8.021,19.8,29.74,155.7,1.05,90.6,0,1
13.92,13.92,47.6,74.72,21.1,74.72,0.5856,3.3956,17.25,50.2,348.9,2.44,30.7,2,0
31.89,31.89,48.43,49.46,37.18,49.46,1.4242,3.1092,45.81,41.63,325.8,9.16,50.6,1,1
56.51,56.51,68.4,76.21,74.68,76.21,3.646,1.8919,192.72,71.24,192.5,4.16,92.9,2,1
78.3,78.3,84.55,95.43,89.24,95.43,1.9976,6.1153,32.67,40.52,175.4,4.07,51.0,1,0
66.35,66.35,121.65,146.85,78.85,146.85,2.7605,1.4393,191.8,45.47,195.8,6.04,30.1,0,1
36.4,36.4,45.14,45.19,41.81,45.19,1.0555,4.0292,26.19,42.76,272.7,9.99,68.0,2,0
75.68,75.68,78.14,86.34,78.0,86.34,4.376,9.1498,47.83,3.65,154.1,6.22,47.9,1,1
59.91,59.91,89.71,106.56,74.52,106.56,3.6863,4.0806,90.34,63.51,247.5,9.05,61.6,2,1
3.76,3.76,48.21,75.64,15.8,75.64,0.5359,6.6168,8.1,43.63,263.0,0.77,67.7,2,0
67.62,67.62,115.74,119.98,84.56,119.98,2.5206,5.7067,44.17,39.28,207.6,6.32,46.0,1,1
58.89,58.89,116.24,116.47,63.78,116.47,1.5633,5.3494,29.22,35.06,306.2,0.95,65.4,0,1
25.25,25.25,26.67,62.23,43.83,62.23,1.8952,6.1978,30.58,1.65,213.2,2.23,41.0,2,0
66.91,66.91,96.63,113.74,69.83,113.74,2.0657,10.1684,20.31,4.39,274.3,7.17,82.1,0,0
23.08,23.08,57.17,71.12,29.65,71.12,0.6648,0.2862,232.29,75.87,204.2,9.25,77.8,1,1
64.69,64.69,79.7,117.95,69.32,117.95,1.7832,4.4417,40.15,43.63,222.6,7.92,43.8,1,0
50.14,50.14,87.27,106.1,63.24,106.1,2.6816,4.6337,57.87,49.52,271.3,4.32,34.6,2,1
2.06,2.06,34.7,44.78,13.29,44.78,0.6513,3.8061,17.11,58.84,305.8,1.19,63.1,0,1
62.63,62.63,69.08,78.81,71.73,78.81,3.0644,10.5749,28.98,8.77,218.3,6.64,72.2,0,0
65.45,65.45,78.17,101.75,72.4,101.75,3.0956,6.0587,51.09,21.39,151.6,4.06,83.7,0,0
49.73,49.73,75.78,110.46,57.79,110.46,2.1293,3.3928,62.76,70.16,223.2,6.93,79.1,0,1
60.86,60.86,103.72,111.28,71.59,111.28,1.9431,2.28,85.23,75.76,210.9,3.81,70.6,0,1
62.43,62.43,94.96,101.37,70.2,101.37,2.5279,1.76,143.63,29.02,172.4,1.07,87.3,1,1
7.49,7.49,56.1,91.29,19.83,91.29,0.5944,5.4431,10.92,29.72,249.9,1.77,73.7,2,0
47.07,47.07,94.78,118.34,57.66,118.34,2.5756,10.2361,25.16,0.86,231.9,2.34,93.7,2,0
79.82,79.82,131.18,133.98,91.14,133.98,3.5874,1.1203,300.0,57.26,172.1,5.79,89.2,1,1
75.62,75.62,84.12,103.13,86.51,103.13,2.1217,3.0959,68.53,14.19,164.0,5.33,84.7,1,1
2.82,2.82,34.98,45.06,14.92,45.06,0.8467,2.2607,37.45,53.32,198.9,9.43,43.3,0,0
65.19,65.19,105.85,144.68,79.39,144.68,4.6304,1.5844,292.24,71.39,308.3,5.79,83.7,1,0
53.21,53.21,64.96,70.74,72.4,70.74,4.1966,4.2451,98.86,59.89,250.7,8.93,40.6,0,1
26.6,26.6,52.55,84.48,27.67,84.48,1.4914,8.299,17.97,7.06,190.4,7.48,68.5,1,0
28.27,28.27,40.3,45.74,43.04,45.74,1.447,2.7418,52.77,17.85,242.5,5.38,73.2,1,0
31.52,31.52,47.46,75.86,37.87,75.86,1.7175,5.4941,31.26,46.89,251.8,9.32,57.4,2,0
35.93,35.93,51.66,61.46,51.96,61.46,1.0797,4.0554,26.62,0.46,345.7,5.82,61.8,1,0
63.6,63.6,106.91,125.99,79.09,125.99,1.6372,9.7581,16.78,16.05,314.3,4.33,65.4,0,1
76.27,76.27,104.78,143.85,86.49,143.85,3.4241,3.6099,94.85,53.93,262.6,2.62,53.6,0,1
56.03,56.03,74.26,85.13,69.9,85.13,4.1681,0.776,300.0,76.93,241.6,4.31,35.1,0,0
79.25,79.25,86.59,113.91,88.57,113.91,4.3346,5.9538,72.8,14.37,183.3,8.91,59.5,2,0
59.04,59.04,91.49,107.59,68.28,107.59,2.0561,1.1565,177.78,75.69,231.9,7.89,53.7,1,1
50.3,50.3,80.8,118.12,58.76,118.12,2.0995,1.8342,114.46,26.38,266.6,3.11,65.8,2,1
52.13,52.13,65.86,97.91,57.52,97.91,1.3055,5.6057,23.29,24.02,213.9,2.51,88.0,2,0
17.69,17.69,41.17,48.5,34.36,48.5,0.7503,0.6986,107.39,69.88,209.9,1.83,74.5,0,0
29.29,29.29,31.74,62.21,40.88,62.21,2.0249,6.658,30.41,34.09,184.2,10.0,41.3,2,1
68.9,68.9,121.5,140.53,77.48,140.53,3.4749,5.4562,63.69,46.36,197.2,4.74,54.0,2,1
32.46,32.46,83.38,105.24,50.38,105.24,2.0161,2.3057,87.44,35.19,230.1,7.0,39.7,0,1
66.42,66.42,67.62,85.9,76.27,85.9,2.7642,8.3894,32.95,5.98,307.1,5.56,78.7,1,1
6.19,6.19,11.66,32.8,15.6,32.8,0.4532,6.5529,6.92,18.32,299.8,3.27,77.3,0,0
56.89,56.89,109.66,142.33,57.07,142.33,2.5081,1.8683,134.24,73.07,208.1,2.35,74.5,1,0
72.46,72.46,92.81,116.97,74.49,116.97,4.2522,1.9225,221.18,5.72,180.5,5.08,58.1,1,1
30.41,30.41,59.17,91.3,44.43,91.3,1.139,7.2324,15.75,30.1,230.2,9.65,43.9,0,1
75.99,75.99,84.95,115.73,84.59,115.73,4.9683,3.8554,128.87,39.9,186.9,7.84,30.4,0,0
74.08,74.08,119.31,148.59,79.15,148.59,2.9047,7.454,38.97,37.47,250.4,4.24,68.6,1,0
74.24,74.24,129.91,149.76,93.48,149.76,5.2982,3.8458,137.77,30.99,276.6,7.74,56.8,1,0
18.24,18.24,47.89,52.48,31.18,52.48,1.2824,2.045,62.71,61.41,175.9,0.6,43.8,1,1
27.31,27.31,59.46,69.06,44.92,69.06,1.058,4.6196,22.9,60.24,237.4,9.91,44.9,0,1
48.71,48.71,79.11,116.26,56.6,116.26,2.845,7.1504,39.79,34.48,333.1,5.73,50.1,2,1
49.76,49.76,65.54,100.64,68.17,100.64,4.0262,5.5815,72.13,48.12,325.0,1.49,93.8,1,0
51.81,51.81,71.41,72.49,57.34,72.49,1.1522,2.6444,43.57,69.05,191.6,6.89,48.4,1,1
51.03,51.03,86.72,121.07,57.33,121.07,3.4125,0.9031,300.0,63.93,222.1,8.72,79.6,1,1
9.47,9.47,55.26,89.79,18.61,89.79,0.8177,1.5669,52.19,5.34,333.7,4.3,72.3,2,1
66.59,66.59,78.55,105.65,83.54,105.65,2.2587,5.9315,38.08,47.19,261.6,6.83,47.7,2,0
34.01,34.01,34.05,55.78,46.58,55.78,1.107,5.995,18.47,43.25,335.4,5.87,47.6,2,0
7.8,7.8,39.9,64.89,18.02,64.89,1.074,8.8601,12.12,21.03,153.9,1.63,42.1,0,1
65.66,65.66,110.35,110.64,82.97,110.64,4.0721,2.2234,183.15,58.53,185.5,5.4,90.2,0,1
76.64,76.64,98.28,113.79,85.7,113.79,3.3807,6.4205,52.65,35.14,194.5,9.89,88.0,2,0
76.73,76.73,86.42,95.44,94.43,95.44,4.738,3.9503,119.94,29.69,276.1,3.77,55.9,1,1
18.36,18.36,50.62,81.89,26.75,81.89,0.7031,2.5019,28.1,52.04,226.2,2.48,72.4,0,0
66.69,66.69,110.17,147.88,80.29,147.88,1.7876,3.9436,45.33,18.54,205.5,1.8,54.0,0,1
25.45,25.45,55.97,64.64,35.51,64.64,1.0788,5.0174,21.5,24.1,345.9,5.6,66.5,0,0
77.28,77.28,87.79,99.92,97.08,99.92,4.405,4.6894,93.94,25.47,249.3,9.6,35.4,0,0
64.53,64.53,115.4,149.37,81.87,149.37,1.8073,7.8856,22.92,11.39,218.2,5.2,49.7,0,0
32.05,32.05,79.19,108.84,51.82,108.84,1.0681,7.3524,14.53,22.69,343.6,7.3,82.8,2,1
60.12,60.12,115.89,152.45,67.7,152.45,2.5636,1.2991,197.34,3.09,317.0,8.55,56.3,2,0
50.92,50.92,59.31,73.8,62.03,73.8,3.5534,2.3219,153.04,66.45,170.1,2.63,55.5,0,1
3.26,3.26,7.22,40.75,5.31,40.75,0.1719,7.5968,2.26,24.52,170.1,0.63,53.1,0,0
2.47,2.47,12.0,42.65,6.57,42.65,0.3614,1.0222,35.35,71.12,284.1,2.06,54.8,2,0
62.39,62.39,70.92,106.84,71.65,106.84,2.4665,9.3425,26.4,4.13,153.0,7.33,35.2,0,1
51.22,51.22,92.86,118.91,64.05,118.91,2.4129,4.737,50.94,2.25,159.1,4.95,60.2,1,1
56.34,56.34,89.91,126.95,62.08,126.95,2.5936,3.3126,78.29,14.67,191.1,8.75,49.8,1,0
59.07,59.07,100.6,131.03,71.19,131.03,3.4643,3.8849,89.17,35.91,225.4,4.65,40.6,1,1
79.24,79.24,87.87,103.18,84.0,103.18,4.0934,3.1145,131.43,25.8,185.3,3.01,36.6,1,1
62.19,62.19,89.89,107.87,78.67,107.87,3.1001,0.399,300.0,69.19,220.2,9.11,52.1,0,0
21.43,21.43,41.87,74.36,25.35,74.36,0.7154,8.1163,8.81,10.33,250.1,7.59,78.1,0,0
19.7,19.7,36.32,49.25,31.67,49.25,1.5108,3.1717,47.63,3.41,154.4,9.72,52.8,1,1
47.98,47.98,97.03,114.43,55.07,114.43,2.3265,5.5414,41.98,32.48,205.6,3.66,35.3,2,0
20.78,20.78,49.28,61.51,34.66,61.51,1.2019,6.038,19.91,38.96,299.0,2.32,69.0,2,0
52.46,52.46,96.57,101.27,58.93,101.27,2.5165,2.0742,121.33,62.08,239.9,3.53,30.3,1,1
9.57,9.57,45.73,69.95,10.46,69.95,0.3671,6.6545,5.52,11.67,347.9,5.46,32.2,0,0
17.97,17.97,75.83,92.85,18.39,92.85,0.7032,3.1887,22.05,54.1,335.6,9.07,39.0,0,0
48.13,48.13,64.43,102.47,54.27,102.47,1.2992,3.2927,39.46,66.56,196.5,2.54,89.8,0,0
38.24,38.24,65.67,101.81,47.06,101.81,1.1329,6.0722,18.66,33.95,160.6,2.48,76.9,2,0
49.84,49.84,98.05,123.04,69.54,123.04,2.7814,1.165,238.76,1.25,203.3,7.02,81.6,1,0
2.39,2.39,43.7,59.08,15.74,59.08,0.9051,0.5192,174.34,74.97,253.9,5.34,71.3,0,1
68.69,68.69,105.35,113.19,86.97,113.19,5.2079,2.9296,177.77,13.21,192.7,1.45,66.5,1,1
39.21,39.21,43.32,60.47,46.09,60.47,2.0922,0.6401,300.0,74.48,318.6,9.11,90.5,2,0
41.61,41.61,57.91,73.34,47.64,73.34,1.8767,2.2977,81.68,62.51,203.6,1.33,85.6,2,1
61.1,61.1,112.08,132.53,73.75,132.53,3.1502,0.9147,300.0,74.81,293.9,1.59,71.4,0,0
63.71,63.71,84.67,119.6,68.09,119.6,2.1495,6.3216,34.0,12.1,329.1,0.61,89.5,1,1
7.34,7.34,45.81,82.19,18.44,82.19,0.8946,1.8196,49.16,63.49,173.5,6.82,73.2,2,0
76.8,76.8,111.21,131.55,96.54,131.55,4.8652,2.4029,202.47,31.83,292.6,9.68,72.5,2,1
7.18,7.18,62.6,67.75,18.09,67.75,0.5738,4.8339,11.87,10.74,276.7,0.8,92.8,0,1
26.29,26.29,30.34,42.58,42.46,42.58,2.0708,6.7355,30.74,19.08,291.6,7.56,65.1,2,1
10.03,10.03,58.65,71.6,24.13,71.6,0.6387,6.162,10.37,26.87,289.0,8.57,84.5,1,0
60.37,60.37,85.02,114.32,66.56,114.32,2.931,0.5532,300.0,48.28,275.5,3.05,82.7,1,0
48.89,48.89,73.85,101.04,60.39,101.04,1.4153,3.1842,44.45,51.88,332.1,3.68,44.6,1,1
33.64,33.64,51.44,53.92,34.48,53.92,1.1406,2.0383,55.96,0.4,212.1,4.59,45.1,2,0
14.57,14.57,33.57,39.49,21.87,39.49,0.5848,8.8121,6.64,20.93,283.0,5.16,33.1,2,1
75.06,75.06,110.12,137.56,83.25,137.56,2.7492,6.0087,45.75,44.22,151.9,6.07,64.2,2,1
65.23,65.23,66.15,89.64,73.17,89.64,2.1178,3.036,69.76,34.66,186.7,8.15,44.8,1,0
70.49,70.49,117.85,149.69,86.67,149.69,2.3545,1.5208,154.81,79.47,164.5,7.19,49.1,2,1
26.68,26.68,80.28,85.96,30.46,85.96,1.6233,3.1208,52.01,62.61,196.2,8.88,69.6,2,1
41.99,41.99,76.61,80.57,52.76,80.57,2.1121,5.9135,35.72,28.93,208.5,8.77,68.9,2,1
53.19,53.19,69.98,95.65,72.43,95.65,1.9029,0.628,300.0,50.13,313.3,6.59,90.9,2,1
72.29,72.29,86.23,89.55,86.69,89.55,2.7045,6.279,43.07,3.81,215.3,6.84,60.7,2,0
22.27,22.27,62.63,77.33,30.64,77.33,1.7713,3.1553,56.14,55.65,203.8,1.49,57.9,0,1
63.91,63.91,93.53,111.53,64.72,111.53,3.6028,3.6145,99.68,47.66,250.2,2.0,41.7,1,0
63.47,63.47,112.96,146.57,65.38,146.57,1.8957,3.8083,49.78,56.35,248.1,6.79,88.3,0,1
73.89,73.89,74.18,83.02,87.71,83.02,4.4311,4.3173,102.64,4.89,155.7,4.74,91.6,0,0
32.72,32.72,53.52,57.82,39.88,57.82,2.2652,1.5192,149.1,67.72,154.4,1.43,71.8,0,1
17.97,17.97,49.5,50.2,32.75,50.2,1.3455,2.8345,47.47,34.15,192.3,8.9,74.3,1,1
34.6,34.6,48.83,70.62,46.46,70.62,1.4367,4.9656,28.93,11.63,152.9,3.53,67.7,1,0
23.7,23.7,33.11,60.93,23.82,60.93,0.9439,3.7192,25.38,68.45,334.2,6.47,94.6,2,1
14.42,14.42,35.62,73.04,21.83,73.04,0.5667,3.1508,17.99,4.76,221.0,4.5,65.3,2,1
46.18,46.18,91.57,121.85,64.24,121.85,3.6209,1.1003,300.0,45.72,293.8,1.42,69.9,2,1
50.6,50.6,101.02,121.98,54.48,121.98,1.9676,3.7318,52.73,47.04,285.9,4.62,87.0,1,0
15.71,15.71,59.17,61.93,26.06,61.93,1.2362,0.9137,135.3,42.27,233.8,4.46,38.0,2,1
69.08,69.08,122.96,161.11,71.09,161.11,3.2467,2.6813,121.08,37.03,290.6,7.97,62.2,1,1
64.3,64.3,107.01,112.61,82.83,112.61,2.0766,3.9179,53.0,62.36,177.9,6.99,37.0,1,1
0.43,0.43,43.72,65.33,1.99,65.33,0.0455,6.6774,0.68,4.33,247.1,5.25,52.0,0,0
27.98,27.98,70.88,94.05,31.18,94.05,0.7058,3.1875,22.14,62.71,272.0,8.01,37.5,1,0
59.03,59.03,112.97,152.56,70.71,152.56,2.2344,6.9857,31.99,20.14,320.2,4.28,83.5,2,1
42.17,42.17,47.0,60.75,61.89,60.75,1.5723,3.8121,41.25,60.85,222.9,6.97,31.4,0,1
6.59,6.59,60.96,68.74,10.37,68.74,0.4578,0.8032,57.0,74.5,300.2,3.98,86.8,0,1
61.89,61.89,102.8,107.56,79.23,107.56,2.8062,0.7858,300.0,79.7,174.0,3.5,67.3,1,1
54.58,54.58,67.38,88.94,70.33,88.94,4.0071,7.3901,54.22,31.6,157.2,6.93,80.8,0,0
27.41,27.41,36.51,42.8,42.79,42.8,2.5166,1.8757,134.17,38.73,301.8,5.7,64.3,1,1
11.59,11.59,16.61,20.97,23.72,20.97,1.2974,2.7552,47.09,11.95,174.4,7.2,57.1,1,0
65.38,65.38,93.91,96.76,72.25,96.76,3.0239,5.8578,51.62,10.84,255.8,6.23,82.7,1,1
37.97,37.97,65.4,91.63,50.32,91.63,2.9041,0.241,300.0,78.59,206.3,5.81,80.1,1,1
54.45,54.45,60.04,86.89,66.2,86.89,2.6312,6.8289,38.53,15.14,273.6,3.35,41.8,2,0
37.16,37.16,76.83,97.42,53.85,97.42,1.5033,6.1012,24.64,7.47,152.7,8.4,73.1,1,1
78.96,78.96,118.17,128.26,80.99,128.26,3.4389,2.8706,119.8,61.66,210.7,7.34,59.1,2,0
46.12,46.12,63.13,76.27,57.55,76.27,2.5565,4.9263,51.89,12.84,287.8,0.5,64.9,1,1
25.41,25.41,52.13,84.61,34.79,84.61,1.669,8.34,20.01,30.09,259.8,7.74,87.7,1,0
75.42,75.42,131.44,171.32,78.55,171.32,3.875,0.6757,300.0,34.98,164.6,4.05,67.8,1,1
67.25,67.25,88.15,112.1,78.14,112.1,4.2068,2.7642,152.19,35.13,259.7,1.03,76.3,0,1
37.48,37.48,66.67,67.91,42.93,67.91,1.9256,1.0409,185.0,33.2,280.8,1.11,37.7,1,0
16.41,16.41,23.63,38.11,29.15,38.11,0.6662,5.8451,11.4,7.89,285.5,3.32,73.5,1,0
16.79,16.79,75.81,76.45,19.33,76.45,0.6036,9.0719,6.65,11.05,202.6,7.12,56.7,1,0
19.92,19.92,67.47,102.11,36.65,102.11,1.765,0.6929,254.74,55.84,338.6,3.0,81.1,2,0
55.46,55.46,106.61,120.99,58.62,120.99,1.481,1.7387,85.18,65.2,277.6,9.88,88.2,2,1
39.91,39.91,71.82,103.13,45.56,103.13,1.8088,0.9587,188.68,55.85,318.5,5.07,85.0,2,0
57.66,57.66,73.62,86.0,75.64,86.0,1.952,1.5652,124.71,55.8,301.0,2.62,68.6,2,1
70.34,70.34,111.17,150.88,86.03,150.88,4.9465,4.4384,111.45,45.06,255.4,4.33,84.2,1,1
10.98,10.98,47.48,77.12,18.45,77.12,0.5915,5.3068,11.15,42.48,275.9,4.2,81.1,0,0
76.77,76.77,122.32,131.96,96.35,131.96,5.4321,3.7781,143.78,41.83,333.7,7.12,93.6,0,1
2.34,2.34,23.12,47.23,8.45,47.23,0.2886,7.0903,4.07,3.87,299.6,1.49,76.5,0,0
76.37,76.37,78.45,105.61,81.11,105.61,3.933,2.7531,142.86,49.85,318.0,7.2,80.5,2,1
1.71,1.71,33.5,62.12,3.89,62.12,0.1661,4.5495,3.65,20.49,228.1,2.41,30.3,1,1
18.2,18.2,48.93,71.59,31.18,71.59,1.7729,4.247,41.74,7.96,340.6,4.66,67.7,0,0
6.13,6.13,50.46,59.55,9.82,59.55,0.3557,1.0717,33.19,1.83,258.3,6.0,59.8,1,0
19.02,19.02,70.28,97.85,28.55,97.85,0.6138,3.5892,17.1,10.93,320.5,6.14,33.0,1,0
21.05,21.05,53.95,69.93,38.69,69.93,2.1091,2.4193,87.18,72.86,334.3,9.81,50.3,0,1
54.48,54.48,59.75,92.59,70.14,92.59,1.8339,5.1555,35.57,34.85,251.1,2.01,69.3,0,0
35.28,35.28,70.13,84.83,54.56,84.83,1.0926,0.2872,300.0,73.03,193.3,9.97,77.3,2,1
62.74,62.74,72.03,103.78,81.53,103.78,3.7547,4.2601,88.14,59.17,254.2,4.25,86.3,1,1
62.78,62.78,66.03,98.55,79.0,98.55,3.8352,3.4079,112.54,3.01,190.0,9.96,30.6,1,0
46.3,46.3,97.2,135.71,58.5,135.71,3.1969,3.2862,97.28,7.41,199.0,8.99,87.1,0,1
76.07,76.07,121.43,148.76,84.78,148.76,4.9048,4.3564,112.59,31.11,277.6,7.91,32.4,2,0
3.2,3.2,56.83,83.23,12.35,83.23,0.3969,3.2595,12.18,24.88,176.2,4.91,59.5,2,1
33.59,33.59,38.93,73.01,42.09,73.01,2.1337,2.102,101.51,74.39,257.8,5.68,85.2,2,1
69.26,69.26,117.46,122.44,77.97,122.44,3.6787,5.3186,69.17,20.62,245.2,3.33,51.9,2,0
64.99,64.99,119.82,157.91,74.83,157.91,3.3924,0.7428,300.0,64.01,226.1,9.77,52.0,0,1
68.83,68.83,114.56,140.26,81.12,140.26,1.717,2.8226,60.83,17.16,180.8,3.7,65.1,2,1
21.07,21.07,36.3,74.22,40.91,74.22,2.0107,9.4939,21.18,4.35,185.7,5.91,88.1,1,1
24.08,24.08,29.78,62.39,33.24,62.39,1.9506,1.6512,118.13,8.25,198.6,9.68,74.3,1,1
62.16,62.16,88.29,91.28,66.76,91.28,2.6731,4.6361,57.66,55.69,199.1,5.01,81.3,2,1
25.44,25.44,77.67,104.94,38.76,104.94,1.4736,0.6983,211.01,72.47,310.6,3.35,50.0,0,1
4.79,4.79,54.93,64.02,22.37,64.02,0.9684,10.4358,9.28,5.82,346.3,9.34,64.1,2,0
52.24,52.24,72.23,85.75,60.64,85.75,1.8211,8.3959,21.69,19.07,151.5,1.97,93.6,2,1
77.25,77.25,78.88,98.25,93.35,98.25,4.5097,8.0629,55.93,15.14,274.5,6.92,47.3,1,1
75.17,75.17,126.5,157.79,80.96,157.79,1.7309,0.8617,200.87,45.97,292.8,7.5,66.6,2,0
47.67,47.67,78.57,101.27,49.33,101.27,2.1279,8.7002,24.46,4.86,183.9,2.47,45.2,1,1
2.5,2.5,5.92,37.24,2.64,37.24,0.1152,5.6303,2.05,8.58,349.7,2.13,92.2,0,1
61.3,61.3,112.71,136.5,78.64,136.5,3.5505,0.9055,300.0,59.33,162.0,3.27,44.0,0,1
23.68,23.68,59.67,65.07,28.5,65.07,0.6135,2.8761,21.33,35.93,349.8,3.35,48.7,1,1
36.54,36.54,51.48,74.11,46.2,74.11,2.7647,1.2037,229.69,78.71,262.4,1.15,66.8,1,1
15.21,15.21,24.34,57.14,25.01,57.14,0.7757,3.4924,22.21,25.98,326.5,4.39,45.9,2,0
57.23,57.23,106.55,110.6,57.27,110.6,3.2861,0.6763,300.0,56.54,216.2,7.92,77.4,1,1
61.22,61.22,110.35,138.64,78.48,138.64,2.3979,2.2759,105.36,55.23,239.3,2.8,40.0,2,1
70.02,70.02,88.89,106.06,70.09,106.06,3.0117,4.2943,70.13,22.51,331.7,5.31,73.9,2,1
9.05,9.05,35.5,70.99,18.67,70.99,0.6051,5.01,12.08,16.75,337.3,3.38,77.5,2,0
24.92,24.92,79.0,87.78,39.45,87.78,1.7152,1.449,118.37,49.03,274.4,3.22,40.5,2,1
33.07,33.07,37.09,56.11,41.54,56.11,1.8936,1.5855,119.44,35.55,335.7,7.18,62.7,2,1
53.5,53.5,53.81,56.71,65.99,56.71,3.0005,1.4001,214.31,55.1,162.7,4.23,69.8,2,1
66.94,66.94,88.19,88.47,79.14,88.47,2.4006,3.2943,72.87,9.95,315.6,9.18,92.5,2,1
64.2,64.2,83.28,98.68,68.95,98.68,2.2572,3.448,65.46,52.74,154.8,7.49,70.1,0,0
50.42,50.42,86.14,111.73,69.51,111.73,2.4375,3.6736,66.35,22.47,310.2,1.65,43.4,0,0
51.33,51.33,73.64,84.69,66.42,84.69,1.887,0.5518,300.0,59.1,330.6,4.43,71.7,0,0
44.03,44.03,90.26,112.79,55.42,112.79,3.0923,6.8936,44.86,33.98,224.4,3.62,80.7,0,0
5.74,5.74,36.47,61.59,5.95,61.59,0.189,2.1042,8.98,24.2,169.4,2.14,85.1,1,0
6.42,6.42,27.35,43.27,24.5,43.27,0.6221,5.6576,11.0,38.33,281.2,9.39,35.1,2,0
56.1,56.1,67.13,91.13,60.85,91.13,2.7227,3.6176,75.26,48.01,286.6,1.16,75.7,1,1
38.35,38.35,61.56,100.25,50.97,100.25,1.4152,0.8655,163.51,56.07,207.2,4.1,80.5,0,0
13.65,13.65,17.28,50.42,19.42,50.42,0.5332,1.6089,33.14,78.29,225.0,8.74,72.2,0,0
64.41,64.41,109.96,147.31,73.93,147.31,2.2734,4.8393,46.98,25.91,349.3,9.78,64.4,2,0
68.0,68.0,106.09,134.77,82.36,134.77,2.9388,2.5432,115.55,68.19,319.8,2.24,43.0,1,0
21.97,21.97,25.34,45.64,39.48,45.64,1.5634,3.6664,42.64,68.63,322.7,2.53,89.9,2,1
46.53,46.53,93.57,103.18,48.57,103.18,2.2089,2.1575,102.38,76.2,178.5,6.61,37.6,2,1
25.71,25.71,31.56,43.92,38.66,43.92,1.6157,3.7015,43.65,11.45,300.6,8.39,60.7,0,1
53.83,53.83,85.47,87.86,59.63,87.86,3.4608,3.0902,111.99,31.6,191.8,5.64,94.4,1,0
26.9,26.9,29.78,47.03,31.72,47.03,1.6744,8.2465,20.3,17.6,157.2,9.33,32.7,1,0
69.81,69.81,119.69,143.46,70.53,143.46,2.9824,3.9611,75.29,49.43,276.3,9.7,94.7,0,1
57.63,57.63,116.55,133.99,59.59,133.99,3.5672,3.3793,105.56,30.8,287.3,1.62,51.9,1,0
53.82,53.82,57.27,70.69,71.88,70.69,2.8308,5.4576,51.87,45.94,348.6,7.36,91.9,1,0
69.43,69.43,111.09,118.19,88.92,118.19,4.0796,9.445,43.19,17.97,283.6,0.54,74.8,0,1
67.08,67.08,121.4,151.7,70.38,151.7,2.3178,2.1496,107.82,56.71,292.0,3.69,41.6,2,1
51.35,51.35,77.63,108.77,64.35,108.77,2.6659,4.7709,55.88,34.83,160.2,6.83,43.3,1,1
42.24,42.24,93.06,119.9,45.06,119.9,0.9751,1.8604,52.41,79.66,199.0,6.18,57.0,1,0
5.67,5.67,32.11,66.51,12.93,66.51,0.3745,6.4287,5.82,1.73,242.7,4.29,76.5,1,1
68.38,68.38,82.85,83.56,85.47,83.56,2.2509,3.3373,67.45,27.77,288.6,3.16,41.5,2,1
57.76,57.76,85.48,101.63,64.95,101.63,3.5835,1.9091,187.7,26.61,170.4,9.6,37.0,1,1
67.03,67.03,75.64,81.29,79.59,81.29,4.2045,2.0443,205.67,51.56,165.4,8.52,32.4,1,1
78.74,78.74,128.06,129.83,78.82,129.83,3.5416,0.7845,300.0,36.15,246.3,6.93,59.2,2,1
79.41,79.41,100.16,113.15,82.47,113.15,3.783,9.6722,39.11,18.44,158.4,1.13,76.6,2,1
78.79,78.79,112.29,151.08,82.07,151.08,4.1204,3.9909,103.25,26.85,299.5,5.12,31.0,1,1
67.76,67.76,85.15,89.86,74.84,89.86,2.44,0.4013,300.0,78.31,336.6,6.99,66.8,2,1
0.84,0.84,55.31,70.03,7.91,70.03,0.2771,2.4723,11.21,54.82,224.8,1.1,57.1,1,1
26.76,26.76,84.41,111.79,41.88,111.79,1.7881,9.2413,19.35,19.11,158.1,1.46,53.8,2,1
59.93,59.93,73.38,73.63,61.01,73.63,1.8803,4.4817,41.95,39.77,151.3,5.9,83.1,2,0
50.76,50.76,79.52,81.46,69.23,81.46,3.7705,4.2532,88.65,31.97,319.1,7.41,83.9,2,1
69.4,69.4,91.61,93.79,77.69,93.79,3.9267,5.5878,70.27,40.07,157.1,2.18,66.6,0,0
77.0,77.0,116.6,133.29,87.85,133.29,4.5795,5.0967,89.85,53.84,210.3,7.57,39.1,2,0
9.33,9.33,59.12,63.52,18.9,63.52,0.6348,5.2118,12.18,38.74,286.8,6.78,67.9,2,1
32.24,32.24,36.37,57.87,46.71,57.87,2.638,3.8076,69.28,11.26,322.7,6.38,81.1,0,0
51.1,51.1,105.98,133.59,51.63,133.59,1.8625,4.4028,42.3,60.29,347.5,7.36,83.7,2,0
61.95,61.95,85.13,119.9,79.53,119.9,4.1175,3.8096,108.08,62.34,209.3,4.36,37.5,2,1
19.69,19.69,56.59,74.77,39.59,74.77,2.0722,6.0781,34.09,42.08,182.9,1.46,71.0,2,1
16.08,16.08,48.31,50.83,24.56,50.83,0.8013,1.6548,48.42,73.74,183.7,0.57,37.9,1,1
74.64,74.64,121.89,126.47,80.02,126.47,4.627,4.6139,100.28,55.39,165.2,7.87,35.0,2,1
56.88,56.88,57.01,65.09,72.45,65.09,1.982,1.7642,112.34,26.11,172.3,8.45,34.0,0,1
50.67,50.67,70.72,104.06,66.63,104.06,3.5247,6.6288,53.17,31.89,276.0,4.1,35.2,1,1
23.97,23.97,79.62,119.62,26.84,119.62,1.0721,4.9435,21.69,56.52,340.9,7.28,68.6,0,1
17.2,17.2,19.14,29.79,26.81,29.79,0.9852,1.3075,75.35,74.86,327.8,6.15,64.1,0,0
69.37,69.37,116.17,134.07,87.55,134.07,3.8731,9.1133,42.5,8.97,309.8,8.18,35.9,1,0
8.72,8.72,46.44,66.74,11.81,66.74,0.4173,7.0806,5.89,4.96,308.5,8.96,45.9,0,1
48.55,48.55,107.48,117.33,49.93,117.33,1.6905,6.2413,27.09,39.27,161.0,1.11,35.9,2,0
65.36,65.36,66.53,79.4,83.49,79.4,4.4299,2.3457,188.85,22.72,174.3,1.01,92.8,0,1
10.17,10.17,23.38,41.78,23.67,41.78,1.2131,1.2352,98.22,70.77,260.3,4.86,70.3,1,0
39.15,39.15,95.27,133.49,39.77,133.49,1.6536,3.0279,54.61,42.1,314.5,1.84,70.5,2,0
0.81,0.81,59.16,64.05,11.55,64.05,0.248,1.9103,12.98,48.51,197.7,3.36,89.5,2,1
31.38,31.38,32.22,36.51,40.56,36.51,1.9441,9.0947,21.38,19.9,315.3,9.11,49.1,1,0
40.67,40.67,87.38,96.92,56.92,96.92,3.0869,2.938,105.07,63.95,273.5,0.85,49.4,2,0
30.76,30.76,61.05,95.55,46.0,95.55,2.54,5.0592,50.2,1.81,307.3,4.77,65.5,2,1
13.06,13.06,25.69,59.54,20.31,59.54,0.4636,6.1852,7.5,37.91,222.3,2.0,75.1,2,1
68.95,68.95,115.55,138.29,83.23,138.29,4.0139,5.2598,76.31,5.66,294.3,2.63,92.0,2,0
77.48,77.48,96.03,132.53,94.01,132.53,4.3396,2.1766,199.38,76.3,249.0,6.92,56.8,2,1
64.26,64.26,120.98,159.99,68.39,159.99,1.8493,3.9299,47.06,46.06,266.3,3.95,91.3,0,1
71.75,71.75,115.9,124.49,76.96,124.49,1.8995,10.9736,17.31,6.07,345.7,7.88,78.5,2,1
26.31,26.31,37.88,38.31,38.76,38.31,1.2148,1.3079,92.88,69.09,180.3,9.62,92.7,0,0
12.95,12.95,40.57,48.73,22.52,48.73,0.4542,3.1443,14.45,67.59,227.9,9.94,68.3,0,0
35.81,35.81,62.48,82.75,45.1,82.75,1.0001,6.5277,15.32,2.24,224.2,8.91,81.4,0,0
48.37,48.37,77.24,105.14,68.31,105.14,2.7663,1.2111,228.41,41.24,262.5,2.09,71.5,1,1
26.43,26.43,85.77,118.92,37.22,118.92,0.9499,3.9961,23.77,66.41,268.2,6.02,72.4,0,0
6.19,6.19,34.95,66.46,13.36,66.46,0.6319,0.9832,64.26,24.26,167.2,4.07,38.7,2,0
55.82,55.82,65.3,71.5,67.67,71.5,2.5214,1.4405,175.04,2.64,223.0,5.67,94.6,1,1
73.54,73.54,102.53,133.78,84.51,133.78,1.6926,2.0343,83.2,74.6,330.2,5.23,69.4,2,1
75.61,75.61,113.04,147.98,81.43,147.98,2.381,2.9679,80.23,26.86,249.6,9.39,86.9,1,1
48.94,48.94,85.67,113.02,59.65,113.02,3.5163,1.2156,289.27,6.08,299.2,9.51,52.1,2,0
23.02,23.02,64.65,71.65,25.12,71.65,1.3512,1.5633,86.43,42.36,349.9,6.42,64.7,1,0
64.75,64.75,110.25,131.44,65.21,131.44,3.7594,2.2706,165.57,29.58,277.7,5.35,61.7,2,1
54.16,54.16,73.9,86.93,63.26,86.93,3.4083,0.9639,300.0,73.74,348.2,9.66,50.4,2,1
1.27,1.27,60.9,61.33,11.9,61.33,0.5445,2.245,24.25,73.13,269.4,3.35,68.4,0,1
5.57,5.57,25.69,64.08,12.04,64.08,0.6918,4.5795,15.11,41.59,182.6,3.34,86.1,2,0
31.59,31.59,56.27,93.67,45.01,93.67,1.8852,2.4937,75.6,77.77,272.0,6.74,84.5,1,1
52.87,52.87,105.07,122.06,62.37,122.06,1.4431,3.2498,44.41,62.11,231.5,7.81,94.5,1,0
37.19,37.19,50.56,51.64,47.98,51.64,1.6694,5.4329,30.73,33.28,347.1,5.04,81.9,2,0
21.42,21.42,60.77,88.05,30.27,88.05,1.1917,7.1764,16.61,24.55,348.0,2.2,39.6,0,1
12.79,12.79,24.21,52.0,27.98,52.0,0.6032,1.4538,41.49,78.61,274.2,6.26,50.9,2,0
7.07,7.07,13.5,49.39,12.07,49.39,0.7167,9.9222,7.22,9.61,316.7,1.6,35.6,2,0
20.97,20.97,69.05,105.35,36.33,105.35,1.8594,5.9564,31.22,44.79,218.8,7.96,74.2,0,0
49.54,49.54,80.13,90.55,56.15,90.55,2.6488,8.0756,32.8,31.37,263.4,8.95,79.2,1,0
56.95,56.95,66.63,86.77,63.31,86.77,3.6196,0.3464,300.0,79.77,299.5,2.41,94.3,2,1
13.88,13.88,54.51,90.8,17.39,90.8,1.0434,2.3763,43.91,47.05,309.9,9.27,73.9,1,0
9.93,9.93,52.51,76.57,19.64,76.57,1.0373,1.4998,69.16,62.74,222.8,9.31,54.0,1,0
6.39,6.39,49.49,81.3,17.38,81.3,0.6587,2.5613,25.72,76.34,167.8,2.7,72.7,0,1
53.34,53.34,89.66,95.97,59.06,95.97,2.7927,1.7556,159.08,65.95,279.0,6.89,62.7,2,1
5.12,5.12,24.29,55.8,7.42,55.8,0.2286,2.0044,11.4,9.94,190.4,0.63,48.0,0,0
16.9,16.9,46.64,55.82,28.09,55.82,1.6046,1.5277,105.04,71.75,292.6,2.55,60.8,2,1
53.0,53.0,72.39,91.63,59.46,91.63,2.6055,2.3084,112.87,53.95,198.8,0.91,85.6,0,1
39.08,39.08,76.22,101.3,39.38,101.3,0.9385,4.1079,22.85,40.17,299.2,2.74,33.5,0,0
55.0,55.0,55.3,84.15,64.3,84.15,2.189,6.6619,32.86,31.44,318.2,0.87,42.2,2,1
0.41,0.41,34.92,50.06,13.01,50.06,0.5488,7.1053,7.72,35.27,242.6,1.63,81.6,1,1
37.44,37.44,76.58,83.32,56.98,83.32,2.9751,5.84,50.94,20.93,267.3,9.52,80.0,2,1
41.38,41.38,86.82,91.02,42.47,91.02,2.4726,3.1557,78.35,73.3,162.5,3.06,88.6,1,1
70.39,70.39,101.47,113.09,80.87,113.09,3.6178,0.9284,300.0,58.5,270.1,4.66,49.1,0,0
33.32,33.32,63.08,78.11,53.08,78.11,2.353,9.0104,26.11,7.66,246.9,8.04,94.8,0,0
29.89,29.89,68.48,98.46,34.44,98.46,0.9868,5.9422,16.61,9.1,326.4,1.87,82.7,2,0
72.83,72.83,119.68,152.72,78.05,152.72,3.9875,2.0599,193.58,58.62,308.0,7.53,45.1,0,1
60.36,60.36,96.31,133.29,77.73,133.29,2.4875,1.1324,219.66,70.78,238.2,8.59,51.1,0,0
79.97,79.97,87.84,115.88,90.51,115.88,3.8191,2.2073,173.02,59.99,309.6,7.57,94.0,2,0
51.98,51.98,57.36,81.58,66.99,81.58,2.7935,2.0665,135.18,34.79,232.6,8.82,41.0,2,0
35.84,35.84,68.21,74.35,39.75,74.35,2.077,5.6174,36.98,17.97,273.2,1.04,53.3,0,0
7.5,7.5,63.34,81.31,17.34,81.31,0.8496,5.155,16.48,29.07,152.9,2.04,42.3,2,1
5.09,5.09,56.24,89.02,6.62,89.02,0.1629,1.8543,8.78,28.0,301.7,5.29,56.7,2,1
52.32,52.32,73.11,94.7,57.51,94.7,3.2129,7.7106,41.67,34.85,345.6,5.59,77.4,2,1
76.19,76.19,103.59,139.35,89.31,139.35,2.4857,1.4374,172.93,33.36,184.0,7.29,32.0,2,1
23.95,23.95,29.09,52.62,30.85,52.62,0.8847,4.368,20.25,44.46,242.3,3.43,45.6,2,0
21.51,21.51,53.38,72.42,40.31,72.42,1.6353,4.0989,39.89,60.13,235.8,0.85,83.4,1,1
60.33,60.33,91.71,97.7,78.76,97.7,2.9693,0.5028,300.0,77.57,339.3,9.19,56.4,1,1
6.62,6.62,27.98,52.37,6.81,52.37,0.3698,1.4633,25.27,78.05,196.5,5.52,41.1,0,1
19.4,19.4,32.13,47.48,28.32,47.48,1.0477,1.7476,59.95,11.82,197.1,8.53,78.9,0,0
66.48,66.48,76.44,111.93,67.46,111.93,3.5406,9.9183,35.7,11.1,153.6,8.24,68.0,0,0
43.19,43.19,63.11,93.48,60.26,93.48,3.4145,2.404,142.03,60.64,287.8,3.56,60.1,0,1
19.67,19.67,68.11,92.5,32.34,92.5,1.6675,2.2103,75.44,0.12,258.5,9.35,64.9,0,0
5.24,5.24,46.86,55.36,10.33,55.36,0.5091,0.6702,75.96,50.19,196.1,8.03,79.5,0,0
22.41,22.41,32.34,70.69,38.77,70.69,1.1893,1.0972,108.39,41.08,156.4,3.56,38.3,2,1
37.48,37.48,68.69,83.49,47.44,83.49,1.0772,1.2785,84.26,77.16,267.2,2.34,54.4,0,0
78.22,78.22,107.84,118.11,94.05,118.11,5.0663,2.0408,248.25,40.63,230.8,5.79,37.8,2,1
26.84,26.84,57.13,72.1,28.79,72.1,1.0812,1.9162,56.42,39.48,309.6,3.46,91.1,0,0
75.95,75.95,126.37,139.05,83.85,139.05,2.6654,9.5579,27.89,6.89,256.3,8.37,66.7,0,0
62.41,62.41,70.03,99.34,73.27,99.34,4.0426,2.2111,182.84,43.47,244.4,0.56,33.7,1,1
32.14,32.14,46.71,75.35,38.23,75.35,1.5889,1.2197,130.27,32.77,343.1,6.13,43.5,1,1
26.02,26.02,80.6,115.75,43.3,115.75,2.1155,0.4588,300.0,67.99,216.9,5.16,71.6,2,0
34.28,34.28,73.01,80.44,42.76,80.44,2.1948,4.9951,43.94,48.53,252.0,4.11,78.3,0,1
70.43,70.43,123.49,143.93,80.39,143.93,4.3407,7.7501,56.01,22.66,190.2,8.85,65.2,0,1
48.67,48.67,104.28,121.01,53.08,121.01,2.3591,1.0564,223.3,47.2,274.1,0.85,31.8,1,1
5.97,5.97,15.68,47.96,20.43,47.96,1.1106,3.9112,28.4,51.26,216.7,3.56,57.7,2,0
43.75,43.75,92.33,99.45,51.86,99.45,1.3576,1.6882,80.42,79.04,240.4,9.1,77.2,2,1
29.94,29.94,45.24,77.58,44.35,77.58,1.4369,8.7929,16.34,13.69,303.7,2.05,39.5,1,0
6.31,6.31,25.08,60.1,7.44,60.1,0.3069,3.972,7.73,45.04,251.1,0.66,33.1,2,0
37.79,37.79,96.71,127.87,53.19,127.87,2.3002,1.8455,124.64,71.83,281.3,7.98,56.4,1,0
46.97,46.97,60.29,91.29,53.41,91.29,2.7933,6.8385,40.85,6.94,341.8,1.4,77.6,0,0
31.35,31.35,81.56,101.29,34.09,101.29,0.7353,2.3917,30.74,37.39,276.2,0.74,80.8,2,0
12.62,12.62,48.77,80.01,22.93,80.01,1.0144,2.2458,45.17,7.91,249.5,9.33,84.2,1,1
7.39,7.39,12.04,44.68,14.6,44.68,0.4082,10.1107,4.04,9.46,304.6,8.55,86.4,2,0
51.71,51.71,106.84,116.4,63.72,116.4,1.5994,1.0371,154.22,59.78,350.0,1.38,74.5,1,1
47.69,47.69,85.52,114.34,59.3,114.34,1.5811,0.761,207.78,73.93,263.0,9.24,89.3,2,1
48.15,48.15,68.38,97.61,58.6,97.61,2.7918,2.6357,105.92,32.88,307.0,4.01,36.8,1,0
70.37,70.37,128.09,149.26,87.98,149.26,3.6577,2.1444,170.57,44.77,303.7,7.84,48.5,1,0
75.86,75.86,103.32,142.81,91.56,142.81,4.9164,5.3546,91.82,34.58,302.8,6.06,94.8,2,1
36.63,36.63,56.96,70.35,44.16,70.35,2.1639,1.5717,137.68,3.19,212.2,0.7,35.3,0,0
75.69,75.69,109.79,125.55,86.35,125.55,5.0757,0.9827,300.0,56.15,176.1,1.95,70.9,0,1
49.49,49.49,62.56,95.48,51.6,95.48,2.299,1.9048,120.69,59.11,270.0,7.02,72.0,0,1
32.1,32.1,78.07,88.44,47.29,88.44,2.3443,2.5119,93.33,38.43,275.5,1.31,59.0,0,1
6.87,6.87,28.85,48.44,8.34,48.44,0.3057,5.9781,5.11,43.1,229.4,0.77,63.7,2,0
52.69,52.69,77.36,100.23,70.4,100.23,3.8461,3.4102,112.78,31.83,221.6,4.67,82.1,1,1
38.32,38.32,40.9,48.79,49.12,48.79,1.5391,1.9485,78.99,36.29,154.2,5.01,72.0,1,1
11.68,11.68,17.16,54.56,30.12,54.56,1.6276,3.6337,44.79,33.59,256.1,1.61,37.5,1,0
23.98,23.98,33.71,38.64,38.81,38.64,1.9757,6.1796,31.97,42.49,206.6,6.06,58.5,0,0
67.74,67.74,70.85,89.93,85.21,89.93,2.2882,5.8653,39.01,39.48,319.7,1.95,48.0,2,0
66.17,66.17,93.85,132.68,78.09,132.68,2.1556,6.576,32.78,14.02,265.3,7.35,43.3,0,0
35.1,35.1,48.43,54.06,41.51,54.06,0.999,3.7568,26.59,64.42,167.6,5.18,48.0,0,1
8.66,8.66,66.86,97.54,23.29,97.54,0.6046,7.0749,8.55,37.62,249.4,8.24,85.9,2,0
19.76,19.76,33.59,57.04,28.19,57.04,1.1639,1.0834,107.43,60.91,254.1,2.3,45.7,0,0
64.99,64.99,112.27,144.87,76.62,144.87,3.0034,1.8662,160.94,61.68,194.4,4.32,59.8,2,0
32.89,32.89,49.98,88.48,37.73,88.48,2.1952,0.3593,300.0,67.99,286.4,4.37,65.3,0,1
69.44,69.44,106.48,107.77,71.61,107.77,2.6539,0.3619,300.0,75.88,293.1,0.52,81.6,2,0
41.67,41.67,89.0,114.18,52.08,114.18,2.9008,6.8987,42.05,39.65,157.2,6.75,89.3,0,1
64.84,64.84,84.94,122.43,69.85,122.43,2.528,0.6955,300.0,61.75,221.2,3.55,93.7,2,0
27.49,27.49,52.32,60.8,36.09,60.8,1.376,1.6813,81.84,0.04,299.2,4.65,63.7,0,1
64.3,64.3,114.59,123.08,73.46,123.08,3.0647,2.4997,122.6,75.35,248.6,7.76,94.5,1,1
66.74,66.74,109.37,115.17,73.21,115.17,3.7505,2.9392,127.6,58.52,181.1,2.56,78.4,2,1
27.15,27.15,74.93,77.15,42.7,77.15,2.3439,4.817,48.66,40.58,190.4,8.11,42.2,0,0
44.26,44.26,54.34,70.66,47.21,70.66,0.9594,2.9793,32.2,4.88,293.9,4.81,33.0,0,0
35.1,35.1,64.45,87.25,52.24,87.25,2.5638,1.6252,157.75,78.3,347.7,5.73,74.1,2,0
1.95,1.95,9.6,18.71,7.38,18.71,0.19,4.6238,4.11,57.81,235.3,2.81,83.9,0,0
76.23,76.23,115.65,150.38,83.38,150.38,2.126,1.478,143.84,55.3,318.0,7.67,49.8,2,1
74.79,74.79,95.92,127.52,78.68,127.52,2.0544,4.9335,41.64,54.9,298.0,7.38,78.2,2,0
27.77,27.77,40.25,75.76,40.18,75.76,1.0223,1.7963,56.91,70.38,312.1,5.16,32.8,1,1
17.18,17.18,72.6,110.02,33.19,110.02,1.6648,2.0412,81.56,14.91,332.8,2.54,60.0,1,0
1.48,1.48,40.06,65.65,10.58,65.65,0.2334,9.6793,2.41,10.79,249.2,5.56,47.3,0,0
21.61,21.61,70.27,107.19,32.34,107.19,0.9364,0.8656,108.17,28.43,252.2,6.98,55.5,1,1
15.68,15.68,64.02,65.5,18.69,65.5,0.8224,0.6312,130.29,44.43,256.2,4.44,64.4,1,0
78.46,78.46,110.9,125.87,94.3,125.87,5.4315,2.3222,233.9,25.66,187.3,1.57,65.5,0,1
57.69,57.69,72.23,110.15,62.25,110.15,1.7501,0.6496,269.4,45.43,275.7,2.68,57.8,1,1
10.92,10.92,31.2,39.16,27.24,39.16,0.6352,7.8187,8.12,13.35,155.1,2.65,61.2,2,1
6.25,6.25,15.79,16.85,9.02,16.85,0.202,6.4047,3.15,6.14,173.6,6.86,31.3,1,0
26.93,26.93,55.42,76.13,35.33,76.13,1.1616,4.6238,25.12,27.18,155.5,6.88,70.1,2,0
70.54,70.54,97.18,116.28,83.2,116.28,3.3607,2.7881,120.54,17.39,163.7,2.75,81.6,2,1
4.86,4.86,60.03,98.3,17.68,98.3,0.5697,2.1409,26.61,29.45,307.0,5.6,80.7,2,0
33.39,33.39,62.74,86.41,51.27,86.41,1.8328,1.5444,118.68,74.41,214.9,3.3,31.4,1,1
26.75,26.75,41.77,71.55,45.4,71.55,1.7356,7.428,23.37,25.6,199.4,9.28,37.7,0,0
61.92,61.92,82.28,94.12,69.55,94.12,2.7125,1.2078,224.58,59.71,327.2,8.84,40.1,2,1
9.51,9.51,50.87,80.38,23.93,80.38,1.0586,2.0086,52.7,67.46,348.7,8.25,76.9,0,0
37.02,37.02,56.9,61.24,41.01,61.24,2.3667,4.7044,50.31,52.18,314.2,4.32,81.1,0,0
78.01,78.01,133.72,138.2,94.8,138.2,4.2626,0.4765,300.0,74.31,183.3,8.26,63.5,0,0
38.56,38.56,82.43,84.04,44.93,84.04,1.708,6.8548,24.92,18.45,336.4,8.35,66.3,0,1
69.04,69.04,74.34,92.97,72.86,92.97,3.2369,1.4674,220.59,23.39,308.9,9.17,57.5,0,1
8.2,8.2,66.75,71.86,23.33,71.86,1.2811,2.5636,49.97,42.97,337.2,2.78,89.2,1,1
1.22,1.22,33.33,62.37,18.0,62.37,0.9742,7.8011,12.49,23.91,214.7,2.72,30.1,2,1
11.58,11.58,46.71,51.76,25.67,51.76,1.171,3.1184,37.55,24.7,337.8,9.92,53.2,0,0
72.52,72.52,74.19,75.52,74.01,75.52,2.0029,8.7614,22.86,11.04,267.1,9.6,66.9,2,1
4.47,4.47,21.44,39.59,8.99,39.59,0.2561,3.7934,6.75,54.3,151.7,1.21,30.0,2,0
11.07,11.07,16.63,49.33,27.3,49.33,1.1161,9.7739,11.42,12.74,174.3,8.06,56.8,0,0
18.36,18.36,68.93,76.36,34.16,76.36,1.748,1.1615,150.5,53.07,227.2,2.82,52.4,2,1
3.56,3.56,6.05,17.56,9.1,17.56,0.1907,1.2574,15.17,57.35,334.8,7.7,56.2,0,0
25.04,25.04,64.83,70.42,35.54,70.42,1.5869,1.4663,108.23,35.61,181.1,2.61,82.9,2,1
26.46,26.46,82.56,110.31,37.96,110.31,1.991,4.8339,41.19,52.81,281.4,8.71,70.6,1,0
41.0,41.0,99.3,129.68,56.5,129.68,2.7924,2.3013,121.34,72.28,201.7,5.25,56.3,0,1
22.81,22.81,33.23,41.92,41.14,41.92,0.9288,1.6141,57.54,66.2,346.4,7.77,88.9,1,0
34.56,34.56,79.61,81.61,35.29,81.61,1.7238,9.6891,17.79,8.8,189.9,3.98,49.1,1,0
70.04,70.04,83.37,96.87,86.78,96.87,3.4004,1.8003,188.88,9.35,308.0,3.69,34.5,0,1
54.55,54.55,110.57,136.33,70.32,136.33,3.7481,4.9863,75.17,18.24,286.9,3.25,70.5,2,0
61.45,61.45,65.79,90.79,81.43,90.79,3.8447,3.1535,121.92,70.05,242.2,6.93,50.9,1,1
32.96,32.96,54.13,67.34,37.45,67.34,2.0998,5.2754,39.8,9.42,163.9,8.46,45.7,1,0
73.68,73.68,125.89,153.94,76.71,153.94,4.2522,5.1257,82.96,27.19,324.4,3.48,73.7,2,1
40.88,40.88,93.58,103.42,56.83,103.42,2.095,6.6529,31.49,22.5,163.8,6.18,87.7,1,0
37.97,37.97,54.84,65.92,50.74,65.92,1.8853,1.7877,105.46,67.57,273.1,4.28,46.6,2,0
3.37,3.37,35.28,60.72,5.09,60.72,0.2798,7.8866,3.55,22.08,260.5,1.94,78.0,1,0
64.66,64.66,99.19,110.03,73.4,110.03,3.3293,3.182,104.63,53.26,230.1,7.7,80.1,0,1
34.62,34.62,83.63,115.96,51.94,115.96,2.8473,1.4216,200.29,59.88,183.3,0.88,36.9,2,1
15.6,15.6,47.3,78.72,32.72,78.72,1.4452,2.7027,53.47,70.84,317.4,4.46,85.4,0,0
22.53,22.53,42.04,47.34,23.48,47.34,1.2965,5.3689,24.15,3.41,280.0,8.51,58.9,2,0
68.38,68.38,75.69,103.62,72.89,103.62,2.8547,4.873,58.58,0.24,175.7,8.67,36.4,2,0
51.32,51.32,89.93,110.68,68.68,110.68,3.5907,0.9458,300.0,63.43,157.2,1.76,65.6,0,1
32.29,32.29,41.73,69.89,42.2,69.89,1.5401,4.9881,30.88,37.94,248.5,9.05,55.7,2,0
18.09,18.09,25.4,49.04,32.63,49.04,0.6572,4.2076,15.62,55.5,304.8,6.24,94.2,1,0
54.09,54.09,91.05,104.54,64.76,104.54,3.1942,3.02,105.77,7.03,226.8,7.68,61.7,0,1
34.35,34.35,92.02,108.23,50.21,108.23,2.2673,5.1846,43.73,18.81,243.8,3.01,54.9,2,1
51.45,51.45,61.87,92.45,63.49,92.45,1.4234,4.764,29.88,46.76,190.6,7.8,79.0,0,1
35.13,35.13,76.75,87.63,50.52,87.63,2.5951,9.4107,27.58,20.28,271.0,3.09,49.1,2,1
3.82,3.82,56.26,79.82,18.99,79.82,0.9648,4.4807,21.53,41.32,156.4,3.46,70.8,1,1
60.42,60.42,89.52,106.68,63.01,106.68,2.3417,7.4418,31.47,4.19,197.5,9.58,53.6,2,1
10.98,10.98,32.13,63.29,23.4,63.29,0.4719,1.9965,23.64,65.65,315.3,1.07,86.6,2,0
42.1,42.1,91.82,113.63,49.3,113.63,1.9645,5.7789,34.0,6.46,155.6,6.62,55.4,2,0
73.77,73.77,107.15,133.03,89.36,133.03,4.0303,5.2842,76.27,33.05,200.5,5.83,43.4,2,1
51.17,51.17,56.59,73.95,68.49,73.95,2.6591,4.1304,64.38,56.28,239.4,0.61,69.0,2,1
10.96,10.96,11.71,21.84,11.04,21.84,0.4138,3.4602,11.96,38.11,189.9,5.47,82.9,0,0
18.7,18.7,38.97,57.07,26.43,57.07,0.9544,3.2082,29.75,67.92,239.6,9.59,62.7,0,0
21.14,21.14,34.88,41.25,37.26,41.25,1.5503,2.0099,77.13,54.06,315.2,7.63,34.1,1,1
57.12,57.12,90.09,122.42,65.82,122.42,2.7028,0.4894,300.0,69.64,311.7,4.22,68.3,1,1
11.79,11.79,56.29,67.5,17.83,67.5,0.7674,3.2035,23.95,34.57,286.6,6.92,57.5,1,0
70.16,70.16,97.79,135.31,73.28,135.31,3.4633,3.9484,87.71,56.64,282.6,0.71,78.2,1,1
72.88,72.88,91.81,107.57,76.66,107.57,4.3584,3.2408,134.49,59.26,262.4,3.12,34.6,1,0
6.34,6.34,29.64,56.33,17.83,56.33,0.547,5.1416,10.64,37.06,246.6,4.12,76.1,0,0
76.73,76.73,108.63,118.12,95.44,118.12,2.327,1.4708,158.21,60.09,320.4,2.22,55.6,1,1
0.05,0.05,0.46,11.44,10.59,11.44,0.5353,1.6626,32.2,73.75,334.9,5.36,59.0,2,0
16.86,16.86,67.06,94.29,23.38,94.29,0.9939,4.8433,20.52,18.04,221.7,8.82,64.3,2,0
28.52,28.52,68.24,100.92,48.09,100.92,1.5256,2.8063,54.36,53.46,167.5,2.9,30.9,1,0
54.26,54.26,91.18,97.9,67.74,97.9,3.9835,3.0468,130.74,0.48,155.4,3.75,71.4,1,0
48.17,48.17,79.27,114.73,50.33,114.73,1.0808,4.9879,21.67,19.13,345.8,7.47,44.1,1,0
54.79,54.79,75.82,112.61,58.94,112.61,3.2645,1.2341,264.53,74.55,208.6,5.09,87.4,1,1
73.68,73.68,104.71,111.98,83.13,111.98,2.7044,5.4674,49.46,39.37,283.3,4.78,92.6,2,0
44.41,44.41,49.06,67.85,44.99,67.85,0.9907,3.9952,24.8,58.76,249.9,9.63,48.5,2,0
42.44,42.44,56.8,91.97,55.92,91.97,2.6371,3.9474,66.81,53.86,299.4,6.86,84.2,2,1
37.35,37.35,63.76,77.06,45.66,77.06,2.43,4.7694,50.95,8.89,301.3,3.71,91.4,0,0
29.7,29.7,57.14,85.89,42.39,85.89,2.4562,3.2683,75.15,61.38,260.3,9.09,83.0,2,1
9.39,9.39,18.91,58.61,17.96,58.61,0.6192,1.451,42.67,76.08,197.4,1.24,64.0,2,1
26.29,26.29,61.05,65.24,36.4,65.24,1.2194,5.089,23.96,35.99,212.2,1.54,37.5,0,0
17.88,17.88,27.77,59.86,26.87,59.86,0.9634,3.7773,25.51,46.64,209.7,4.13,64.8,0,1
58.59,58.59,62.57,98.8,62.0,98.8,3.554,1.7875,198.83,13.86,194.3,7.98,71.8,1,1
7.43,7.43,50.07,65.87,18.13,65.87,0.8648,0.5952,145.31,62.08,255.9,5.21,51.9,2,0
3.6,3.6,3.68,4.92,7.67,4.92,0.2824,3.3094,8.53,54.49,231.7,5.98,68.8,1,0
65.88,65.88,116.53,151.73,76.99,151.73,2.1526,3.1562,68.2,58.18,222.1,9.17,64.0,0,1
28.5,28.5,61.2,81.41,38.31,81.41,0.8106,0.7738,104.76,35.61,231.0,6.65,38.2,0,0
17.41,17.41,41.05,44.93,17.85,44.93,0.9136,5.0926,17.94,54.01,274.4,9.11,88.2,0,0
27.29,27.29,58.82,69.48,43.24,69.48,1.545,0.397,300.0,63.32,151.0,8.55,59.0,0,0
2.75,2.75,18.47,23.23,4.71,23.23,0.1627,4.0539,4.01,64.45,287.5,9.23,44.4,0,0
12.82,12.82,42.2,48.62,24.87,48.62,1.2743,6.3252,20.15,22.13,244.7,7.21,71.6,0,0
16.34,16.34,61.1,86.78,21.96,86.78,0.5507,4.0935,13.45,64.83,182.5,5.67,36.7,1,0
35.48,35.48,48.8,68.41,40.42,68.41,2.2741,4.2946,52.95,57.69,189.6,4.16,82.4,2,1
61.67,61.67,113.32,129.6,73.39,129.6,1.8426,3.8105,48.36,36.02,318.4,4.21,67.8,1,0
49.48,49.48,79.22,89.63,50.3,89.63,2.9006,2.9817,97.28,62.39,221.0,4.29,40.6,2,0
76.61,76.61,106.33,114.72,88.07,114.72,2.0516,3.6757,55.82,27.83,164.6,4.1,90.2,2,1
58.76,58.76,83.14,85.52,66.66,85.52,3.5737,0.7748,300.0,68.3,207.5,6.31,53.6,2,1
60.81,60.81,107.29,113.26,71.06,113.26,1.6516,1.1718,140.94,7.21,161.4,3.67,53.2,0,1
75.75,75.75,128.28,133.25,83.01,133.25,2.842,0.663,300.0,76.73,169.6,7.41,76.3,2,1
33.2,33.2,49.26,60.82,49.23,60.82,2.3372,4.1336,56.54,55.41,254.4,3.83,76.8,0,0
58.62,58.62,94.11,112.12,68.14,112.12,2.4074,9.1197,26.4,9.73,302.0,6.75,58.3,0,1
32.63,32.63,85.3,116.42,49.86,116.42,1.5147,0.7331,206.61,38.19,204.8,3.06,55.3,2,1
21.82,21.82,43.46,70.92,21.83,70.92,0.9396,6.717,13.99,27.12,302.3,5.35,72.1,1,0
27.96,27.96,83.57,117.07,40.3,117.07,2.189,2.5909,84.49,26.44,289.7,3.21,38.6,1,0
23.26,23.26,52.17,65.08,24.72,65.08,1.3009,3.6571,35.57,17.51,197.1,4.86,73.7,2,0
67.77,67.77,102.82,122.12,84.55,122.12,3.0723,3.9194,78.39,65.68,272.3,5.5,49.7,0,1
71.16,71.16,130.65,142.92,73.62,142.92,3.7442,9.9512,37.63,13.69,157.8,2.74,46.9,1,0
14.02,14.02,24.44,52.11,33.07,52.11,0.7025,2.0151,34.86,61.85,314.8,7.37,88.3,1,0
58.6,58.6,102.14,112.88,77.01,112.88,2.6573,2.9375,90.46,69.31,318.3,3.49,92.7,1,1
8.98,8.98,52.1,66.65,26.39,66.65,1.3829,7.4784,18.49,29.45,286.2,4.55,52.3,2,0
43.2,43.2,69.84,107.87,43.48,107.87,2.1891,3.7204,58.84,64.07,255.0,2.31,86.1,0,0
18.86,18.86,52.13,68.76,31.66,68.76,0.8535,7.9892,10.68,13.9,158.7,1.99,45.6,1,0
63.45,63.45,84.19,87.55,78.63,87.55,3.0531,4.2364,72.07,20.11,344.0,4.04,92.4,0,0
12.57,12.57,59.0,80.51,24.21,80.51,0.5976,6.9418,8.61,40.39,293.7,2.47,67.8,0,0
46.04,46.04,53.66,65.96,56.13,65.96,2.4362,3.6765,66.27,3.14,230.2,4.21,94.8,2,0
70.1,70.1,77.92,114.62,83.54,114.62,2.872,5.2931,54.26,22.27,315.2,1.05,80.0,1,1
59.41,59.41,102.8,103.33,77.26,103.33,1.7639,0.5678,300.0,76.86,197.6,7.06,38.9,2,1
66.12,66.12,68.38,93.68,77.76,93.68,2.4871,4.6357,53.65,30.01,341.4,7.96,90.0,2,0
36.29,36.29,90.71,92.43,38.45,92.43,1.4429,4.0719,35.44,36.32,257.4,5.61,86.6,2,0
56.15,56.15,95.06,128.25,62.34,128.25,1.357,0.262,300.0,75.53,286.0,3.56,57.5,2,1
60.35,60.35,61.57,72.56,71.12,72.56,2.5071,2.9299,85.57,49.62,228.1,3.81,87.7,2,0
28.66,28.66,50.55,79.59,36.42,79.59,1.9613,2.1567,90.94,72.29,253.1,7.31,55.5,2,1
43.26,43.26,56.18,85.33,45.29,85.33,1.8129,0.5024,300.0,54.06,340.4,2.85,38.0,2,1
8.07,8.07,54.6,57.48,26.48,57.48,0.6683,3.0779,21.71,55.71,167.9,3.86,63.8,2,0
78.51,78.51,94.87,100.39,85.7,100.39,3.8522,2.8774,133.87,33.74,270.6,7.13,40.2,1,0
17.37,17.37,36.31,54.54,31.7,54.54,1.0416,0.7785,133.81,72.19,346.5,3.21,77.2,1,0
69.64,69.64,114.88,138.32,74.64,138.32,4.2558,0.7982,300.0,79.31,177.7,2.44,36.9,1,1
67.01,67.01,72.72,108.01,86.45,108.01,3.5594,2.603,136.74,36.5,191.1,7.45,67.7,0,1
12.5,12.5,71.41,75.53,13.69,75.53,0.5115,2.6903,19.01,25.54,287.0,3.97,66.4,0,0
75.6,75.6,122.09,151.72,81.69,151.72,4.5097,2.0663,218.25,67.56,292.1,4.84,34.8,2,1
1.87,1.87,27.97,51.87,13.79,51.87,0.5621,5.8221,9.65,18.09,346.0,4.72,86.8,0,0
38.55,38.55,79.86,115.76,47.37,115.76,2.4432,2.7431,89.07,70.6,154.9,0.5,87.4,1,1
63.04,63.04,111.13,145.42,76.88,145.42,3.3964,1.1479,295.89,54.48,216.7,2.48,87.5,2,1
49.82,49.82,108.13,134.97,55.92,134.97,1.7734,1.2435,142.61,25.42,313.8,4.08,36.4,1,1
37.98,37.98,42.13,49.22,57.69,49.22,2.7015,3.9997,67.54,61.12,159.6,8.44,60.6,2,1
40.16,40.16,40.98,51.08,46.88,51.08,1.9977,6.092,32.79,0.16,189.5,6.17,45.5,0,1
2.45,2.45,34.55,67.22,6.58,67.22,0.3551,4.3983,8.07,35.81,237.8,9.47,72.4,1,0
47.72,47.72,55.6,72.25,53.41,72.25,3.0522,3.2555,93.75,61.12,194.4,8.91,85.0,1,0
70.23,70.23,106.2,135.83,74.33,135.83,3.0072,2.1265,141.41,22.15,233.3,8.93,30.8,2,1
13.42,13.42,37.82,66.53,33.29,66.53,1.6893,2.5371,66.58,21.28,204.4,7.19,67.9,0,1
77.14,77.14,78.48,98.46,85.17,98.46,2.2982,0.8265,278.07,78.23,202.7,0.58,67.7,2,1
52.13,52.13,56.11,84.7,60.31,84.7,3.5591,3.3041,107.72,46.8,299.6,7.0,58.1,2,0
56.34,56.34,92.81,104.82,60.76,104.82,3.5744,0.8715,300.0,56.23,255.0,6.9,75.0,0,1
16.65,16.65,72.62,73.25,27.48,73.25,0.7919,2.433,32.55,52.75,342.2,3.65,90.2,2,1
44.25,44.25,52.56,80.74,55.84,80.74,2.5762,2.9573,87.11,59.05,223.2,3.53,46.3,1,1
9.63,9.63,56.6,64.96,12.93,64.96,0.6549,4.5316,14.45,56.17,220.1,6.37,90.6,2,0
71.8,71.8,88.69,108.34,82.49,108.34,3.3701,8.772,38.42,24.12,341.6,2.41,68.9,0,0
5.54,5.54,25.35,33.6,21.51,33.6,1.0257,4.1218,24.88,32.4,339.4,3.36,34.3,0,1
38.03,38.03,46.89,67.95,51.4,67.95,1.6898,4.3473,38.87,6.6,288.1,9.79,42.4,0,0
53.06,53.06,104.88,127.18,54.29,127.18,2.2863,1.4034,162.92,64.23,215.8,6.04,47.5,2,1
21.92,21.92,46.47,83.3,25.53,83.3,0.5724,2.1779,26.28,28.3,165.0,0.6,39.5,0,0
30.22,30.22,72.56,73.83,34.4,73.83,1.5963,6.2455,25.56,47.76,253.2,9.68,39.4,0,0
44.92,44.92,45.01,58.94,57.94,58.94,1.5235,3.8761,39.31,44.79,208.9,7.25,31.5,0,0
27.52,27.52,47.6,79.56,35.16,79.56,0.8865,0.4327,204.85,76.96,309.5,0.63,53.7,1,0
20.85,20.85,53.32,85.01,32.67,85.01,0.7123,4.3952,16.21,26.89,332.6,6.12,71.0,1,0
3.73,3.73,13.87,30.89,8.57,30.89,0.3304,0.8385,39.4,43.68,234.3,7.95,69.0,2,0
41.35,41.35,94.72,99.09,53.33,99.09,1.9997,3.9832,50.2,2.94,206.7,0.51,62.0,0,0
0.94,0.94,25.05,43.86,10.26,43.86,0.2166,1.8392,11.78,79.3,229.2,8.64,70.7,1,0
6.09,6.09,22.6,45.95,16.53,45.95,0.4675,1.9253,24.28,79.49,235.7,8.73,84.5,2,1
79.46,79.46,100.93,105.58,82.11,105.58,3.1294,2.0624,151.74,64.4,272.3,3.9,76.5,1,1
37.49,37.49,63.32,87.5,47.68,87.5,1.5144,3.2824,46.14,72.02,174.2,1.12,42.9,0,1
73.99,73.99,87.82,118.16,90.7,118.16,5.401,1.5598,300.0,69.73,343.6,7.55,54.2,1,1
35.07,35.07,50.92,70.76,37.28,70.76,1.3711,5.8993,23.24,40.41,222.6,6.01,80.7,0,1
35.64,35.64,85.68,106.83,48.4,106.83,1.9092,5.7279,33.33,31.97,288.5,3.43,78.5,1,1
1.86,1.86,16.28,38.72,3.98,38.72,0.0837,1.307,6.4,59.93,272.0,0.82,37.5,1,1
43.67,43.67,62.4,78.85,55.04,78.85,1.5353,6.139,25.01,21.43,249.1,6.63,83.1,1,0
45.34,45.34,83.46,92.92,64.02,92.92,2.7169,2.4773,109.67,48.38,320.7,1.58,87.5,1,1
68.98,68.98,84.41,108.88,78.25,108.88,2.6136,4.2213,61.91,62.57,312.7,2.64,70.0,2,0
66.4,66.4,99.77,136.9,69.29,136.9,2.2397,1.8355,122.03,62.64,238.6,7.84,65.0,2,1
24.1,24.1,42.28,47.75,40.79,47.75,2.4042,1.4718,163.35,64.18,216.4,9.72,42.4,0,0
18.38,18.38,33.82,44.31,37.24,44.31,1.2659,2.1913,57.77,40.77,222.3,4.38,52.4,1,1
35.28,35.28,65.64,79.89,50.37,79.89,1.4303,3.8748,36.91,40.74,156.2,8.19,85.6,2,1
54.74,54.74,65.97,105.12,55.97,105.12,1.8304,11.067,16.54,5.5,200.1,2.97,94.7,0,0
78.58,78.58,93.14,96.04,79.07,96.04,1.635,1.6174,101.09,73.47,295.0,2.97,44.2,1,1
16.18,16.18,16.56,46.05,28.17,46.05,1.4221,4.683,30.37,17.09,164.2,6.61,74.7,2,0
41.62,41.62,77.09,113.14,52.54,113.14,2.3715,1.2602,188.19,27.6,216.6,7.8,42.3,1,0
54.47,54.47,85.68,97.69,72.85,97.69,3.6503,7.3332,49.78,31.95,332.7,3.48,51.4,0,0
60.92,60.92,93.13,101.61,68.05,101.61,2.2922,8.0253,28.56,4.27,153.2,8.3,37.6,0,0
54.74,54.74,77.53,110.4,58.4,110.4,3.3454,1.5762,212.24,18.27,315.8,3.21,43.4,0,1
16.4,16.4,69.69,70.49,34.01,70.49,1.2592,0.4928,255.53,66.15,165.4,8.09,46.7,2,0
66.55,66.55,81.01,97.38,80.48,97.38,2.3747,2.5195,94.25,43.72,282.6,3.75,33.6,2,0
24.3,24.3,32.07,61.48,28.71,61.48,0.8871,2.8858,30.74,62.33,206.9,1.09,50.8,0,1
57.79,57.79,70.03,91.25,65.62,91.25,1.5963,2.8737,55.55,44.8,193.1,1.92,41.3,1,0
52.09,52.09,111.17,134.25,57.75,134.25,1.3917,10.0258,13.88,5.38,339.5,6.68,90.4,2,0
27.47,27.47,81.41,97.86,40.88,97.86,0.8321,3.2635,25.5,69.67,181.6,9.23,66.6,0,0
76.27,76.27,104.7,136.16,80.67,136.16,4.4403,1.9908,223.05,44.82,207.7,3.62,65.8,1,1
0.39,0.39,38.67,40.7,14.79,40.7,0.694,3.2299,21.49,67.1,262.3,3.42,57.6,0,0
1.97,1.97,26.78,47.03,14.98,47.03,0.6514,3.0837,21.12,35.42,334.6,6.88,46.5,1,0
8.65,8.65,35.47,60.95,19.27,60.95,0.5648,5.4185,10.42,45.4,257.3,7.49,62.7,2,0
43.84,43.84,62.48,96.65,48.0,96.65,2.5772,0.5537,300.0,59.32,278.5,4.95,93.4,2,1
34.43,34.43,67.75,106.41,39.18,106.41,1.5736,1.7416,90.35,33.88,292.6,9.57,74.8,1,0
16.71,16.71,35.1,66.59,20.44,66.59,0.6685,2.1179,31.56,32.94,279.3,8.96,39.0,0,0
24.73,24.73,59.47,81.67,37.59,81.67,1.8695,8.5089,21.97,14.98,283.4,1.26,52.4,1,0
22.7,22.7,37.29,73.3,40.58,73.3,2.4341,3.0307,80.31,58.8,232.0,5.46,72.3,1,1
57.04,57.04,72.15,82.35,67.98,82.35,2.2148,7.5563,29.31,12.74,293.2,1.94,85.2,2,0
6.43,6.43,63.7,100.0,10.23,100.0,0.2546,3.0316,8.4,63.45,265.5,8.58,62.9,1,1
78.18,78.18,87.53,104.77,90.59,104.77,3.0223,9.444,32.0,12.76,309.6,4.4,69.3,2,0
11.32,11.32,68.23,90.79,29.41,90.79,1.5763,1.1184,140.95,51.32,307.4,0.59,59.4,2,0
76.53,76.53,114.57,118.67,81.41,118.67,4.3893,4.6494,94.41,10.03,188.9,1.73,77.2,0,1
41.24,41.24,46.05,68.29,50.84,68.29,1.7422,6.8882,25.29,17.53,281.9,0.84,37.5,0,1
78.99,78.99,106.34,127.68,84.09,127.68,4.1162,0.4332,300.0,60.06,344.5,0.7,38.9,0,1
5.1,5.1,23.16,26.67,21.85,26.67,0.7742,5.2219,14.83,50.95,303.8,6.5,81.5,1,0
48.33,48.33,96.82,132.57,67.27,132.57,2.1263,2.3547,90.3,55.95,279.9,2.25,57.4,1,0
39.72,39.72,48.53,64.47,42.49,64.47,1.6852,0.4819,300.0,72.52,167.9,7.31,34.8,1,1
42.68,42.68,85.87,105.35,59.1,105.35,3.4431,3.9291,87.63,64.57,335.8,8.41,49.0,1,0
67.64,67.64,117.03,142.77,84.24,142.77,1.8417,4.1059,44.86,53.23,242.1,0.82,36.0,0,1
36.03,36.03,78.03,83.94,52.98,83.94,2.4338,3.461,70.32,44.7,258.0,5.85,78.4,1,1
73.76,73.76,95.0,105.89,79.99,105.89,4.2996,3.6902,116.51,25.35,262.2,9.69,35.5,2,1
30.62,30.62,71.47,101.28,35.38,101.28,1.0501,2.0801,50.48,33.56,285.3,5.42,83.8,1,0
72.96,72.96,119.59,125.56,89.68,125.56,4.3139,2.7243,158.35,56.73,327.2,7.73,83.6,1,1
61.9,61.9,113.43,118.38,68.62,118.38,3.4479,2.6754,128.87,73.76,246.5,2.89,64.1,0,0
45.38,45.38,68.91,88.84,64.05,88.84,2.5623,6.3269,40.5,18.32,243.1,3.45,77.9,2,0
37.35,37.35,71.36,98.69,40.21,98.69,2.2642,1.5924,142.18,61.83,158.9,1.2,90.7,0,0
66.26,66.26,73.5,77.6,85.8,77.6,2.5269,2.1642,116.76,43.09,270.1,8.48,72.7,1,1
16.07,16.07,61.8,86.87,16.26,86.87,0.4764,7.3724,6.46,35.65,167.2,4.06,50.0,0,0
51.67,51.67,59.66,87.98,66.14,87.98,2.0729,1.3539,153.1,79.66,161.7,0.77,50.8,0,1
72.07,72.07,119.88,146.78,85.3,146.78,3.0771,5.4619,56.34,39.54,211.3,1.45,66.5,1,0
21.46,21.46,68.69,78.92,29.98,78.92,1.5064,2.3974,62.83,13.59,163.3,3.21,93.8,1,0
15.69,15.69,37.85,53.88,20.3,53.88,0.4942,1.8359,26.92,48.63,175.8,5.95,59.2,1,0
56.39,56.39,107.39,128.35,73.21,128.35,2.5698,5.0556,50.83,6.31,239.3,8.72,51.8,2,0
51.4,51.4,70.99,109.05,55.19,109.05,3.2643,5.019,65.04,44.01,348.8,8.04,36.7,0,1
51.08,51.08,103.82,135.79,57.34,135.79,2.7429,2.334,117.52,25.81,246.2,0.92,78.3,1,1
40.24,40.24,48.59,78.5,57.23,78.5,1.7341,2.075,83.57,76.09,182.1,1.14,76.9,0,0
47.87,47.87,96.12,113.5,62.56,113.5,3.1873,3.3457,95.26,43.1,197.6,8.9,76.6,0,1
5.83,5.83,44.65,50.65,25.81,50.65,1.2649,11.3014,11.19,2.33,202.2,3.74,45.6,2,1
3.23,3.23,19.43,37.38,13.67,37.38,0.784,0.6599,118.81,66.4,230.6,8.64,74.0,0,1
43.82,43.82,60.3,88.78,47.0,88.78,1.6643,2.2639,73.52,38.39,197.9,2.32,86.0,1,0
67.66,67.66,117.17,121.61,79.01,121.61,3.8493,2.4746,155.55,43.27,151.7,5.38,49.0,2,1
43.49,43.49,56.16,86.94,44.25,86.94,0.9552,4.502,21.22,40.14,199.9,1.23,77.6,1,0
8.74,8.74,61.55,69.59,14.81,69.59,0.8576,8.1128,10.57,4.86,154.6,8.57,53.5,1,1
42.32,42.32,45.88,83.54,45.19,83.54,2.3975,1.5434,155.34,3.63,180.6,2.2,91.4,0,1
46.92,46.92,61.5,81.27,53.61,81.27,1.8195,3.0842,58.99,60.7,178.8,3.88,79.3,1,0
65.98,65.98,124.1,149.17,70.57,149.17,1.6522,6.4731,25.53,15.83,210.3,3.95,76.1,2,1
73.36,73.36,108.72,117.15,78.4,117.15,2.29,0.65,300.0,72.52,338.1,3.01,82.0,2,1
26.77,26.77,86.3,115.13,31.88,115.13,1.8185,8.3153,21.87,10.37,235.3,2.31,47.7,0,1
24.47,24.47,33.04,65.56,28.74,65.56,0.5832,0.9472,61.58,53.47,316.5,5.85,46.0,2,0
45.73,45.73,92.03,110.68,61.46,110.68,1.6854,0.4632,300.0,73.71,317.3,5.2,36.8,1,0
66.78,66.78,110.12,125.31,78.55,125.31,2.391,1.7117,139.68,51.83,315.8,7.19,55.1,0,1
18.81,18.81,35.12,44.18,32.38,44.18,1.9271,5.795,33.25,36.57,328.2,1.33,59.9,1,0
30.27,30.27,87.09,118.13,46.92,118.13,2.2507,9.2126,24.43,13.69,310.6,2.65,32.8,1,1
71.34,71.34,90.36,115.23,71.87,115.23,3.5891,6.2796,57.15,44.36,206.8,1.28,34.1,0,0
65.92,65.92,81.84,103.49,71.16,103.49,2.4681,0.8781,281.08,43.38,237.0,6.21,50.4,2,1
28.01,28.01,33.4,33.68,29.03,33.68,1.5892,7.0076,22.68,6.74,301.9,0.58,67.3,1,0
79.06,79.06,106.48,107.57,96.07,107.57,4.634,6.2252,74.44,43.87,306.0,7.48,62.1,1,1
0.33,0.33,21.84,25.14,1.59,25.14,0.0385,1.5099,2.55,75.49,204.7,8.39,56.1,2,0
48.31,48.31,57.98,72.07,60.75,72.07,2.1542,1.0994,195.94,15.07,284.9,5.34,76.7,1,0
65.94,65.94,82.2,101.58,72.1,101.58,2.5842,7.6125,33.95,30.63,332.4,6.21,39.0,2,1
27.03,27.03,58.65,83.72,37.24,83.72,1.703,7.1291,23.89,40.54,308.7,1.8,32.9,2,0
1.41,1.41,11.4,11.79,9.34,11.79,0.426,6.1909,6.88,12.85,340.8,9.91,84.2,2,0
40.26,40.26,49.6,83.78,53.78,83.78,1.4051,6.6041,21.28,17.63,324.6,2.2,34.8,0,0
16.55,16.55,63.87,101.06,26.08,101.06,1.2551,7.2304,17.36,25.55,261.4,8.51,80.4,1,0
